H,0,21200501,0
H,0,21200502,0
H,0,21200503,0
H,0,21200504,0
H,0,21200505,0
H,0,21200506,0
H,0,21200507,0
H,0,21200508,0
H,0,21200509,0
H,0,21200510,0
H,0,21200511,0
H,0,21200512,0
H,0,21200513,0
H,0,21200514,0
H,0,21200515,0
H,0,21200516,0
H,0,21200517,0
H,0,21200518,0
H,0,21200519,0
H,0,21200520,0
H,0,21200521,0
H,0,21200522,0
H,0,21200523,0
H,0,21200524,0
H,0,21200525,0
H,0,21200526,2
H,0,21200527,2
H,0,21200528,0
H,0,21200529,0
H,0,21200530,1
H,0,21200531,0
H,0,21200601,15
H,0,21200602,8
H,0,21200603,12
H,0,21200604,20
H,0,21200605,25
H,0,21200606,13
H,0,21200607,8
H,0,21200608,13
H,0,21200609,15
H,0,21200610,22
H,0,21200611,3
H,0,21200612,9
H,0,21200613,9
H,0,21200614,23
H,0,21200615,18
H,0,21200616,12
H,0,21200617,18
H,0,21200618,21
H,0,21200619,22
H,0,21200620,29
H,0,21200621,22
H,0,21200622,18
H,0,21200623,23
H,0,21200624,35
H,0,21200625,28
H,0,21200626,22
H,0,21200627,25
H,0,21200628,21
H,0,21200629,30
H,1,21200501,0
H,1,21200502,0
H,1,21200503,0
H,1,21200504,0
H,1,21200505,0
H,1,21200506,0
H,1,21200507,0
H,1,21200508,0
H,1,21200509,0
H,1,21200510,0
H,1,21200511,0
H,1,21200512,0
H,1,21200513,0
H,1,21200514,0
H,1,21200515,0
H,1,21200516,0
H,1,21200517,0
H,1,21200518,0
H,1,21200519,0
H,1,21200520,0
H,1,21200521,1
H,1,21200522,4
H,1,21200523,0
H,1,21200524,5
H,1,21200525,0
H,1,21200526,1
H,1,21200527,6
H,1,21200528,5
H,1,21200529,2
H,1,21200530,11
H,1,21200531,10
H,1,21200601,27
H,1,21200602,16
H,1,21200603,21
H,1,21200604,49
H,1,21200605,59
H,1,21200606,67
H,1,21200607,57
H,1,21200608,54
H,1,21200609,37
H,1,21200610,61
H,1,21200611,108
H,1,21200612,54
H,1,21200613,74
H,1,21200614,94
H,1,21200615,110
H,1,21200616,129
H,1,21200617,125
H,1,21200618,140
H,1,21200619,91
H,1,21200620,73
H,1,21200621,112
H,1,21200622,104
H,1,21200623,85
H,1,21200624,133
H,1,21200625,105
H,1,21200626,78
H,1,21200627,65
H,1,21200628,58
H,1,21200629,58
H,2,21200501,0
H,2,21200502,0
H,2,21200503,0
H,2,21200504,0
H,2,21200505,0
H,2,21200506,0
H,2,21200507,0
H,2,21200508,0
H,2,21200509,0
H,2,21200510,0
H,2,21200511,0
H,2,21200512,0
H,2,21200513,0
H,2,21200514,0
H,2,21200515,0
H,2,21200516,0
H,2,21200517,0
H,2,21200518,0
H,2,21200519,0
H,2,21200520,0
H,2,21200521,0
H,2,21200522,0
H,2,21200523,0
H,2,21200524,0
H,2,21200525,0
H,2,21200526,0
H,2,21200527,0
H,2,21200528,0
H,2,21200529,2
H,2,21200530,3
H,2,21200531,0
H,2,21200601,6
H,2,21200602,15
H,2,21200603,18
H,2,21200604,30
H,2,21200605,15
H,2,21200606,9
H,2,21200607,38
H,2,21200608,18
H,2,21200609,13
H,2,21200610,23
H,2,21200611,31
H,2,21200612,28
H,2,21200613,54
H,2,21200614,46
H,2,21200615,43
H,2,21200616,41
H,2,21200617,56
H,2,21200618,44
H,2,21200619,60
H,2,21200620,31
H,2,21200621,54
H,2,21200622,41
H,2,21200623,48
H,2,21200624,46
H,2,21200625,45
H,2,21200626,44
H,2,21200627,36
H,2,21200628,37
H,2,21200629,39
H,3,21200501,0
H,3,21200502,0
H,3,21200503,0
H,3,21200504,0
H,3,21200505,0
H,3,21200506,0
H,3,21200507,0
H,3,21200508,0
H,3,21200509,0
H,3,21200510,0
H,3,21200511,0
H,3,21200512,0
H,3,21200513,0
H,3,21200514,0
H,3,21200515,0
H,3,21200516,0
H,3,21200517,0
H,3,21200518,0
H,3,21200519,0
H,3,21200520,0
H,3,21200521,0
H,3,21200522,0
H,3,21200523,0
H,3,21200524,0
H,3,21200525,0
H,3,21200526,0
H,3,21200527,0
H,3,21200528,0
H,3,21200529,0
H,3,21200530,1
H,3,21200531,0
H,3,21200601,2
H,3,21200602,3
H,3,21200603,16
H,3,21200604,37
H,3,21200605,40
H,3,21200606,36
H,3,21200607,20
H,3,21200608,25
H,3,21200609,25
H,3,21200610,52
H,3,21200611,19
H,3,21200612,41
H,3,21200613,39
H,3,21200614,78
H,3,21200615,75
H,3,21200616,73
H,3,21200617,86
H,3,21200618,67
H,3,21200619,72
H,3,21200620,56
H,3,21200621,68
H,3,21200622,83
H,3,21200623,80
H,3,21200624,86
H,3,21200625,81
H,3,21200626,76
H,3,21200627,75
H,3,21200628,57
H,3,21200629,59
H,4,21200501,0
H,4,21200502,0
H,4,21200503,0
H,4,21200504,0
H,4,21200505,0
H,4,21200506,0
H,4,21200507,0
H,4,21200508,0
H,4,21200509,0
H,4,21200510,0
H,4,21200511,2
H,4,21200512,0
H,4,21200513,0
H,4,21200514,6
H,4,21200515,1
H,4,21200516,0
H,4,21200517,0
H,4,21200518,16
H,4,21200519,21
H,4,21200520,27
H,4,21200521,13
H,4,21200522,72
H,4,21200523,75
H,4,21200524,68
H,4,21200525,172
H,4,21200526,258
H,4,21200527,455
H,4,21200528,625
H,4,21200529,699
H,4,21200530,561
H,4,21200531,713
H,4,21200601,1461
H,4,21200602,1420
H,4,21200603,1166
H,4,21200604,883
H,4,21200605,521
H,4,21200606,347
H,4,21200607,422
H,4,21200608,581
H,4,21200609,555
H,4,21200610,508
H,4,21200611,433
H,4,21200612,413
H,4,21200613,405
H,4,21200614,372
H,4,21200615,353
H,4,21200616,330
H,4,21200617,317
H,4,21200618,339
H,4,21200619,251
H,4,21200620,232
H,4,21200621,193
H,4,21200622,214
H,4,21200623,232
H,4,21200624,314
H,4,21200625,302
H,4,21200626,295
H,4,21200627,243
H,4,21200628,196
H,4,21200629,285
H,5,21200501,0
H,5,21200502,0
H,5,21200503,0
H,5,21200504,0
H,5,21200505,0
H,5,21200506,0
H,5,21200507,0
H,5,21200508,0
H,5,21200509,0
H,5,21200510,0
H,5,21200511,0
H,5,21200512,0
H,5,21200513,0
H,5,21200514,0
H,5,21200515,0
H,5,21200516,0
H,5,21200517,0
H,5,21200518,2
H,5,21200519,2
H,5,21200520,2
H,5,21200521,1
H,5,21200522,1
H,5,21200523,0
H,5,21200524,1
H,5,21200525,5
H,5,21200526,3
H,5,21200527,1
H,5,21200528,7
H,5,21200529,10
H,5,21200530,13
H,5,21200531,7
H,5,21200601,6
H,5,21200602,13
H,5,21200603,38
H,5,21200604,30
H,5,21200605,42
H,5,21200606,35
H,5,21200607,37
H,5,21200608,69
H,5,21200609,58
H,5,21200610,71
H,5,21200611,73
H,5,21200612,57
H,5,21200613,104
H,5,21200614,76
H,5,21200615,79
H,5,21200616,83
H,5,21200617,86
H,5,21200618,64
H,5,21200619,55
H,5,21200620,57
H,5,21200621,34
H,5,21200622,52
H,5,21200623,57
H,5,21200624,41
H,5,21200625,47
H,5,21200626,53
H,5,21200627,45
H,5,21200628,22
H,5,21200629,28
H,6,21200501,0
H,6,21200502,0
H,6,21200503,0
H,6,21200504,0
H,6,21200505,0
H,6,21200506,0
H,6,21200507,0
H,6,21200508,0
H,6,21200509,0
H,6,21200510,0
H,6,21200511,0
H,6,21200512,0
H,6,21200513,0
H,6,21200514,1
H,6,21200515,0
H,6,21200516,1
H,6,21200517,6
H,6,21200518,3
H,6,21200519,1
H,6,21200520,3
H,6,21200521,5
H,6,21200522,5
H,6,21200523,15
H,6,21200524,24
H,6,21200525,4
H,6,21200526,4
H,6,21200527,26
H,6,21200528,33
H,6,21200529,37
H,6,21200530,45
H,6,21200531,34
H,6,21200601,77
H,6,21200602,100
H,6,21200603,98
H,6,21200604,101
H,6,21200605,122
H,6,21200606,157
H,6,21200607,148
H,6,21200608,187
H,6,21200609,232
H,6,21200610,211
H,6,21200611,228
H,6,21200612,295
H,6,21200613,295
H,6,21200614,233
H,6,21200615,257
H,6,21200616,276
H,6,21200617,263
H,6,21200618,264
H,6,21200619,222
H,6,21200620,213
H,6,21200621,169
H,6,21200622,175
H,6,21200623,156
H,6,21200624,182
H,6,21200625,160
H,6,21200626,142
H,6,21200627,120
H,6,21200628,78
H,6,21200629,106
H,7,21200501,0
H,7,21200502,0
H,7,21200503,0
H,7,21200504,0
H,7,21200505,0
H,7,21200506,0
H,7,21200507,0
H,7,21200508,0
H,7,21200509,0
H,7,21200510,0
H,7,21200511,0
H,7,21200512,0
H,7,21200513,0
H,7,21200514,0
H,7,21200515,0
H,7,21200516,0
H,7,21200517,0
H,7,21200518,0
H,7,21200519,1
H,7,21200520,0
H,7,21200521,0
H,7,21200522,7
H,7,21200523,2
H,7,21200524,5
H,7,21200525,0
H,7,21200526,2
H,7,21200527,11
H,7,21200528,9
H,7,21200529,8
H,7,21200530,13
H,7,21200531,14
H,7,21200601,19
H,7,21200602,22
H,7,21200603,27
H,7,21200604,33
H,7,21200605,14
H,7,21200606,29
H,7,21200607,30
H,7,21200608,57
H,7,21200609,39
H,7,21200610,53
H,7,21200611,48
H,7,21200612,61
H,7,21200613,88
H,7,21200614,95
H,7,21200615,101
H,7,21200616,107
H,7,21200617,85
H,7,21200618,89
H,7,21200619,105
H,7,21200620,86
H,7,21200621,123
H,7,21200622,111
H,7,21200623,82
H,7,21200624,115
H,7,21200625,120
H,7,21200626,125
H,7,21200627,96
H,7,21200628,78
H,7,21200629,79
H,8,21200501,0
H,8,21200502,0
H,8,21200503,0
H,8,21200504,0
H,8,21200505,0
H,8,21200506,0
H,8,21200507,0
H,8,21200508,1
H,8,21200509,0
H,8,21200510,0
H,8,21200511,0
H,8,21200512,0
H,8,21200513,0
H,8,21200514,0
H,8,21200515,0
H,8,21200516,0
H,8,21200517,3
H,8,21200518,0
H,8,21200519,1
H,8,21200520,1
H,8,21200521,5
H,8,21200522,0
H,8,21200523,8
H,8,21200524,0
H,8,21200525,1
H,8,21200526,2
H,8,21200527,12
H,8,21200528,12
H,8,21200529,11
H,8,21200530,20
H,8,21200531,11
H,8,21200601,23
H,8,21200602,18
H,8,21200603,30
H,8,21200604,44
H,8,21200605,53
H,8,21200606,39
H,8,21200607,66
H,8,21200608,72
H,8,21200609,74
H,8,21200610,88
H,8,21200611,92
H,8,21200612,129
H,8,21200613,193
H,8,21200614,144
H,8,21200615,171
H,8,21200616,210
H,8,21200617,162
H,8,21200618,182
H,8,21200619,202
H,8,21200620,159
H,8,21200621,161
H,8,21200622,197
H,8,21200623,186
H,8,21200624,202
H,8,21200625,190
H,8,21200626,174
H,8,21200627,141
H,8,21200628,137
H,8,21200629,133
H,9,21200501,7
H,9,21200502,0
H,9,21200503,3
H,9,21200504,1
H,9,21200505,2
H,9,21200506,3
H,9,21200507,3
H,9,21200508,1
H,9,21200509,10
H,9,21200510,8
H,9,21200511,9
H,9,21200512,10
H,9,21200513,6
H,9,21200514,32
H,9,21200515,15
H,9,21200516,20
H,9,21200517,48
H,9,21200518,55
H,9,21200519,65
H,9,21200520,55
H,9,21200521,62
H,9,21200522,69
H,9,21200523,92
H,9,21200524,138
H,9,21200525,118
H,9,21200526,152
H,9,21200527,198
H,9,21200528,265
H,9,21200529,288
H,9,21200530,227
H,9,21200531,374
H,9,21200601,343
H,9,21200602,398
H,9,21200603,407
H,9,21200604,303
H,9,21200605,263
H,9,21200606,214
H,9,21200607,217
H,9,21200608,343
H,9,21200609,218
H,9,21200610,264
H,9,21200611,284
H,9,21200612,311
H,9,21200613,254
H,9,21200614,283
H,9,21200615,297
H,9,21200616,313
H,9,21200617,293
H,9,21200618,265
H,9,21200619,271
H,9,21200620,226
H,9,21200621,230
H,9,21200622,170
H,9,21200623,213
H,9,21200624,218
H,9,21200625,201
H,9,21200626,190
H,9,21200627,164
H,9,21200628,143
H,9,21200629,154
H,10,21200501,0
H,10,21200502,0
H,10,21200503,0
H,10,21200504,0
H,10,21200505,0
H,10,21200506,0
H,10,21200507,0
H,10,21200508,0
H,10,21200509,2
H,10,21200510,0
H,10,21200511,0
H,10,21200512,1
H,10,21200513,0
H,10,21200514,2
H,10,21200515,0
H,10,21200516,1
H,10,21200517,1
H,10,21200518,7
H,10,21200519,7
H,10,21200520,3
H,10,21200521,3
H,10,21200522,3
H,10,21200523,8
H,10,21200524,18
H,10,21200525,26
H,10,21200526,34
H,10,21200527,42
H,10,21200528,56
H,10,21200529,76
H,10,21200530,50
H,10,21200531,102
H,10,21200601,273
H,10,21200602,210
H,10,21200603,257
H,10,21200604,218
H,10,21200605,194
H,10,21200606,225
H,10,21200607,269
H,10,21200608,339
H,10,21200609,396
H,10,21200610,439
H,10,21200611,494
H,10,21200612,559
H,10,21200613,627
H,10,21200614,806
H,10,21200615,834
H,10,21200616,872
H,10,21200617,924
H,10,21200618,819
H,10,21200619,899
H,10,21200620,695
H,10,21200621,820
H,10,21200622,837
H,10,21200623,828
H,10,21200624,780
H,10,21200625,784
H,10,21200626,791
H,10,21200627,676
H,10,21200628,515
H,10,21200629,538
H,11,21200501,0
H,11,21200502,0
H,11,21200503,0
H,11,21200504,0
H,11,21200505,0
H,11,21200506,0
H,11,21200507,0
H,11,21200508,0
H,11,21200509,0
H,11,21200510,0
H,11,21200511,0
H,11,21200512,0
H,11,21200513,2
H,11,21200514,0
H,11,21200515,0
H,11,21200516,0
H,11,21200517,0
H,11,21200518,1
H,11,21200519,4
H,11,21200520,0
H,11,21200521,3
H,11,21200522,0
H,11,21200523,0
H,11,21200524,0
H,11,21200525,0
H,11,21200526,0
H,11,21200527,4
H,11,21200528,0
H,11,21200529,0
H,11,21200530,6
H,11,21200531,13
H,11,21200601,15
H,11,21200602,24
H,11,21200603,20
H,11,21200604,49
H,11,21200605,58
H,11,21200606,83
H,11,21200607,98
H,11,21200608,102
H,11,21200609,127
H,11,21200610,170
H,11,21200611,215
H,11,21200612,254
H,11,21200613,240
H,11,21200614,315
H,11,21200615,363
H,11,21200616,404
H,11,21200617,349
H,11,21200618,361
H,11,21200619,370
H,11,21200620,301
H,11,21200621,314
H,11,21200622,321
H,11,21200623,268
H,11,21200624,295
H,11,21200625,307
H,11,21200626,318
H,11,21200627,289
H,11,21200628,212
H,11,21200629,241
H,12,21200501,0
H,12,21200502,0
H,12,21200503,0
H,12,21200504,0
H,12,21200505,0
H,12,21200506,0
H,12,21200507,0
H,12,21200508,0
H,12,21200509,0
H,12,21200510,0
H,12,21200511,0
H,12,21200512,0
H,12,21200513,0
H,12,21200514,0
H,12,21200515,0
H,12,21200516,0
H,12,21200517,0
H,12,21200518,0
H,12,21200519,0
H,12,21200520,0
H,12,21200521,0
H,12,21200522,0
H,12,21200523,0
H,12,21200524,0
H,12,21200525,0
H,12,21200526,0
H,12,21200527,0
H,12,21200528,0
H,12,21200529,0
H,12,21200530,0
H,12,21200531,2
H,12,21200601,4
H,12,21200602,4
H,12,21200603,8
H,12,21200604,11
H,12,21200605,20
H,12,21200606,28
H,12,21200607,35
H,12,21200608,10
H,12,21200609,16
H,12,21200610,32
H,12,21200611,28
H,12,21200612,60
H,12,21200613,81
H,12,21200614,81
H,12,21200615,93
H,12,21200616,107
H,12,21200617,125
H,12,21200618,224
H,12,21200619,215
H,12,21200620,216
H,12,21200621,288
H,12,21200622,285
H,12,21200623,320
H,12,21200624,441
H,12,21200625,441
H,12,21200626,442
H,12,21200627,367
H,12,21200628,367
H,12,21200629,387
H,13,21200501,0
H,13,21200502,0
H,13,21200503,0
H,13,21200504,0
H,13,21200505,0
H,13,21200506,0
H,13,21200507,0
H,13,21200508,0
H,13,21200509,0
H,13,21200510,0
H,13,21200511,0
H,13,21200512,0
H,13,21200513,0
H,13,21200514,0
H,13,21200515,0
H,13,21200516,0
H,13,21200517,0
H,13,21200518,0
H,13,21200519,0
H,13,21200520,0
H,13,21200521,0
H,13,21200522,0
H,13,21200523,0
H,13,21200524,0
H,13,21200525,0
H,13,21200526,0
H,13,21200527,0
H,13,21200528,0
H,13,21200529,0
H,13,21200530,1
H,13,21200531,1
H,13,21200601,2
H,13,21200602,8
H,13,21200603,5
H,13,21200604,9
H,13,21200605,11
H,13,21200606,21
H,13,21200607,5
H,13,21200608,16
H,13,21200609,15
H,13,21200610,11
H,13,21200611,27
H,13,21200612,27
H,13,21200613,43
H,13,21200614,37
H,13,21200615,42
H,13,21200616,46
H,13,21200617,59
H,13,21200618,68
H,13,21200619,77
H,13,21200620,92
H,13,21200621,75
H,13,21200622,99
H,13,21200623,81
H,13,21200624,111
H,13,21200625,119
H,13,21200626,126
H,13,21200627,99
H,13,21200628,113
H,13,21200629,91
H,14,21200501,0
H,14,21200502,0
H,14,21200503,0
H,14,21200504,0
H,14,21200505,0
H,14,21200506,0
H,14,21200507,0
H,14,21200508,0
H,14,21200509,0
H,14,21200510,0
H,14,21200511,0
H,14,21200512,0
H,14,21200513,0
H,14,21200514,0
H,14,21200515,0
H,14,21200516,0
H,14,21200517,0
H,14,21200518,0
H,14,21200519,0
H,14,21200520,0
H,14,21200521,0
H,14,21200522,0
H,14,21200523,0
H,14,21200524,0
H,14,21200525,0
H,14,21200526,0
H,14,21200527,0
H,14,21200528,0
H,14,21200529,0
H,14,21200530,0
H,14,21200531,0
H,14,21200601,0
H,14,21200602,0
H,14,21200603,0
H,14,21200604,0
H,14,21200605,13
H,14,21200606,5
H,14,21200607,5
H,14,21200608,6
H,14,21200609,3
H,14,21200610,13
H,14,21200611,12
H,14,21200612,20
H,14,21200613,28
H,14,21200614,13
H,14,21200615,19
H,14,21200616,25
H,14,21200617,36
H,14,21200618,53
H,14,21200619,45
H,14,21200620,62
H,14,21200621,73
H,14,21200622,91
H,14,21200623,105
H,14,21200624,119
H,14,21200625,120
H,14,21200626,123
H,14,21200627,105
H,14,21200628,121
H,14,21200629,147
H,15,21200501,0
H,15,21200502,0
H,15,21200503,0
H,15,21200504,0
H,15,21200505,0
H,15,21200506,0
H,15,21200507,0
H,15,21200508,0
H,15,21200509,0
H,15,21200510,0
H,15,21200511,0
H,15,21200512,0
H,15,21200513,0
H,15,21200514,0
H,15,21200515,0
H,15,21200516,0
H,15,21200517,0
H,15,21200518,0
H,15,21200519,0
H,15,21200520,0
H,15,21200521,0
H,15,21200522,0
H,15,21200523,0
H,15,21200524,0
H,15,21200525,0
H,15,21200526,0
H,15,21200527,0
H,15,21200528,0
H,15,21200529,1
H,15,21200530,2
H,15,21200531,3
H,15,21200601,7
H,15,21200602,0
H,15,21200603,6
H,15,21200604,12
H,15,21200605,18
H,15,21200606,33
H,15,21200607,38
H,15,21200608,47
H,15,21200609,50
H,15,21200610,82
H,15,21200611,102
H,15,21200612,139
H,15,21200613,144
H,15,21200614,223
H,15,21200615,290
H,15,21200616,343
H,15,21200617,330
H,15,21200618,369
H,15,21200619,434
H,15,21200620,393
H,15,21200621,486
H,15,21200622,503
H,15,21200623,575
H,15,21200624,509
H,15,21200625,559
H,15,21200626,621
H,15,21200627,483
H,15,21200628,432
H,15,21200629,454
H,16,21200501,0
H,16,21200502,0
H,16,21200503,0
H,16,21200504,0
H,16,21200505,0
H,16,21200506,0
H,16,21200507,0
H,16,21200508,0
H,16,21200509,0
H,16,21200510,0
H,16,21200511,0
H,16,21200512,0
H,16,21200513,0
H,16,21200514,0
H,16,21200515,0
H,16,21200516,0
H,16,21200517,0
H,16,21200518,0
H,16,21200519,0
H,16,21200520,0
H,16,21200521,0
H,16,21200522,0
H,16,21200523,0
H,16,21200524,0
H,16,21200525,0
H,16,21200526,0
H,16,21200527,0
H,16,21200528,0
H,16,21200529,0
H,16,21200530,0
H,16,21200531,1
H,16,21200601,0
H,16,21200602,0
H,16,21200603,3
H,16,21200604,3
H,16,21200605,19
H,16,21200606,15
H,16,21200607,11
H,16,21200608,18
H,16,21200609,15
H,16,21200610,29
H,16,21200611,52
H,16,21200612,77
H,16,21200613,95
H,16,21200614,106
H,16,21200615,131
H,16,21200616,165
H,16,21200617,210
H,16,21200618,231
H,16,21200619,227
H,16,21200620,195
H,16,21200621,235
H,16,21200622,324
H,16,21200623,270
H,16,21200624,323
H,16,21200625,314
H,16,21200626,304
H,16,21200627,279
H,16,21200628,223
H,16,21200629,231
H,17,21200501,0
H,17,21200502,0
H,17,21200503,0
H,17,21200504,0
H,17,21200505,0
H,17,21200506,0
H,17,21200507,0
H,17,21200508,0
H,17,21200509,0
H,17,21200510,0
H,17,21200511,0
H,17,21200512,0
H,17,21200513,0
H,17,21200514,0
H,17,21200515,0
H,17,21200516,0
H,17,21200517,0
H,17,21200518,0
H,17,21200519,0
H,17,21200520,0
H,17,21200521,0
H,17,21200522,0
H,17,21200523,0
H,17,21200524,0
H,17,21200525,0
H,17,21200526,0
H,17,21200527,0
H,17,21200528,5
H,17,21200529,5
H,17,21200530,2
H,17,21200531,4
H,17,21200601,9
H,17,21200602,27
H,17,21200603,44
H,17,21200604,49
H,17,21200605,69
H,17,21200606,62
H,17,21200607,44
H,17,21200608,78
H,17,21200609,110
H,17,21200610,140
H,17,21200611,188
H,17,21200612,255
H,17,21200613,314
H,17,21200614,395
H,17,21200615,470
H,17,21200616,526
H,17,21200617,565
H,17,21200618,597
H,17,21200619,678
H,17,21200620,599
H,17,21200621,770
H,17,21200622,922
H,17,21200623,999
H,17,21200624,1014
H,17,21200625,1047
H,17,21200626,1083
H,17,21200627,913
H,17,21200628,790
H,17,21200629,855
H,18,21200501,0
H,18,21200502,0
H,18,21200503,0
H,18,21200504,0
H,18,21200505,0
H,18,21200506,0
H,18,21200507,0
H,18,21200508,0
H,18,21200509,0
H,18,21200510,0
H,18,21200511,0
H,18,21200512,0
H,18,21200513,0
H,18,21200514,0
H,18,21200515,0
H,18,21200516,0
H,18,21200517,0
H,18,21200518,0
H,18,21200519,0
H,18,21200520,0
H,18,21200521,0
H,18,21200522,0
H,18,21200523,0
H,18,21200524,0
H,18,21200525,0
H,18,21200526,0
H,18,21200527,0
H,18,21200528,0
H,18,21200529,3
H,18,21200530,1
H,18,21200531,4
H,18,21200601,0
H,18,21200602,4
H,18,21200603,14
H,18,21200604,25
H,18,21200605,21
H,18,21200606,25
H,18,21200607,25
H,18,21200608,29
H,18,21200609,39
H,18,21200610,37
H,18,21200611,58
H,18,21200612,68
H,18,21200613,130
H,18,21200614,144
H,18,21200615,159
H,18,21200616,180
H,18,21200617,233
H,18,21200618,243
H,18,21200619,299
H,18,21200620,230
H,18,21200621,363
H,18,21200622,380
H,18,21200623,454
H,18,21200624,435
H,18,21200625,474
H,18,21200626,504
H,18,21200627,393
H,18,21200628,356
H,18,21200629,387
H,19,21200501,0
H,19,21200502,0
H,19,21200503,0
H,19,21200504,0
H,19,21200505,0
H,19,21200506,0
H,19,21200507,0
H,19,21200508,0
H,19,21200509,0
H,19,21200510,0
H,19,21200511,0
H,19,21200512,0
H,19,21200513,0
H,19,21200514,0
H,19,21200515,0
H,19,21200516,0
H,19,21200517,0
H,19,21200518,0
H,19,21200519,0
H,19,21200520,0
H,19,21200521,0
H,19,21200522,0
H,19,21200523,0
H,19,21200524,0
H,19,21200525,0
H,19,21200526,0
H,19,21200527,0
H,19,21200528,0
H,19,21200529,0
H,19,21200530,0
H,19,21200531,0
H,19,21200601,0
H,19,21200602,0
H,19,21200603,3
H,19,21200604,1
H,19,21200605,11
H,19,21200606,1
H,19,21200607,3
H,19,21200608,4
H,19,21200609,3
H,19,21200610,12
H,19,21200611,12
H,19,21200612,12
H,19,21200613,21
H,19,21200614,14
H,19,21200615,21
H,19,21200616,32
H,19,21200617,53
H,19,21200618,45
H,19,21200619,55
H,19,21200620,43
H,19,21200621,90
H,19,21200622,64
H,19,21200623,103
H,19,21200624,87
H,19,21200625,96
H,19,21200626,103
H,19,21200627,76
H,19,21200628,71
H,19,21200629,64
H,20,21200501,0
H,20,21200502,0
H,20,21200503,0
H,20,21200504,0
H,20,21200505,0
H,20,21200506,0
H,20,21200507,0
H,20,21200508,0
H,20,21200509,0
H,20,21200510,0
H,20,21200511,0
H,20,21200512,0
H,20,21200513,0
H,20,21200514,0
H,20,21200515,0
H,20,21200516,0
H,20,21200517,0
H,20,21200518,0
H,20,21200519,0
H,20,21200520,0
H,20,21200521,0
H,20,21200522,0
H,20,21200523,0
H,20,21200524,0
H,20,21200525,0
H,20,21200526,0
H,20,21200527,0
H,20,21200528,0
H,20,21200529,1
H,20,21200530,0
H,20,21200531,7
H,20,21200601,9
H,20,21200602,5
H,20,21200603,6
H,20,21200604,10
H,20,21200605,12
H,20,21200606,23
H,20,21200607,36
H,20,21200608,43
H,20,21200609,47
H,20,21200610,41
H,20,21200611,55
H,20,21200612,86
H,20,21200613,109
H,20,21200614,128
H,20,21200615,137
H,20,21200616,150
H,20,21200617,151
H,20,21200618,245
H,20,21200619,218
H,20,21200620,231
H,20,21200621,253
H,20,21200622,269
H,20,21200623,298
H,20,21200624,282
H,20,21200625,292
H,20,21200626,301
H,20,21200627,247
H,20,21200628,264
H,20,21200629,234
H,21,21200501,0
H,21,21200502,0
H,21,21200503,0
H,21,21200504,0
H,21,21200505,0
H,21,21200506,0
H,21,21200507,0
H,21,21200508,0
H,21,21200509,0
H,21,21200510,0
H,21,21200511,0
H,21,21200512,0
H,21,21200513,0
H,21,21200514,0
H,21,21200515,0
H,21,21200516,0
H,21,21200517,0
H,21,21200518,0
H,21,21200519,0
H,21,21200520,0
H,21,21200521,0
H,21,21200522,0
H,21,21200523,0
H,21,21200524,0
H,21,21200525,0
H,21,21200526,0
H,21,21200527,10
H,21,21200528,3
H,21,21200529,12
H,21,21200530,23
H,21,21200531,40
H,21,21200601,126
H,21,21200602,115
H,21,21200603,162
H,21,21200604,209
H,21,21200605,221
H,21,21200606,184
H,21,21200607,228
H,21,21200608,320
H,21,21200609,360
H,21,21200610,528
H,21,21200611,718
H,21,21200612,839
H,21,21200613,1047
H,21,21200614,1218
H,21,21200615,1523
H,21,21200616,1794
H,21,21200617,1972
H,21,21200618,1829
H,21,21200619,1707
H,21,21200620,1502
H,21,21200621,1771
H,21,21200622,2035
H,21,21200623,1870
H,21,21200624,1915
H,21,21200625,1959
H,21,21200626,2020
H,21,21200627,1544
H,21,21200628,1277
H,21,21200629,1402
H,22,21200501,0
H,22,21200502,0
H,22,21200503,0
H,22,21200504,0
H,22,21200505,0
H,22,21200506,0
H,22,21200507,0
H,22,21200508,0
H,22,21200509,0
H,22,21200510,0
H,22,21200511,0
H,22,21200512,0
H,22,21200513,0
H,22,21200514,0
H,22,21200515,0
H,22,21200516,0
H,22,21200517,0
H,22,21200518,0
H,22,21200519,0
H,22,21200520,0
H,22,21200521,0
H,22,21200522,0
H,22,21200523,0
H,22,21200524,0
H,22,21200525,0
H,22,21200526,0
H,22,21200527,0
H,22,21200528,0
H,22,21200529,0
H,22,21200530,0
H,22,21200531,0
H,22,21200601,6
H,22,21200602,1
H,22,21200603,5
H,22,21200604,3
H,22,21200605,3
H,22,21200606,2
H,22,21200607,0
H,22,21200608,0
H,22,21200609,0
H,22,21200610,4
H,22,21200611,9
H,22,21200612,4
H,22,21200613,12
H,22,21200614,6
H,22,21200615,11
H,22,21200616,16
H,22,21200617,28
H,22,21200618,29
H,22,21200619,32
H,22,21200620,35
H,22,21200621,38
H,22,21200622,39
H,22,21200623,49
H,22,21200624,42
H,22,21200625,38
H,22,21200626,36
H,22,21200627,31
H,22,21200628,55
H,22,21200629,38
H,23,21200501,0
H,23,21200502,0
H,23,21200503,0
H,23,21200504,0
H,23,21200505,0
H,23,21200506,0
H,23,21200507,0
H,23,21200508,0
H,23,21200509,0
H,23,21200510,0
H,23,21200511,0
H,23,21200512,0
H,23,21200513,0
H,23,21200514,0
H,23,21200515,0
H,23,21200516,0
H,23,21200517,0
H,23,21200518,0
H,23,21200519,0
H,23,21200520,0
H,23,21200521,0
H,23,21200522,0
H,23,21200523,0
H,23,21200524,0
H,23,21200525,0
H,23,21200526,1
H,23,21200527,0
H,23,21200528,0
H,23,21200529,1
H,23,21200530,7
H,23,21200531,17
H,23,21200601,14
H,23,21200602,30
H,23,21200603,23
H,23,21200604,60
H,23,21200605,56
H,23,21200606,61
H,23,21200607,110
H,23,21200608,83
H,23,21200609,123
H,23,21200610,227
H,23,21200611,252
H,23,21200612,256
H,23,21200613,459
H,23,21200614,426
H,23,21200615,515
H,23,21200616,581
H,23,21200617,583
H,23,21200618,530
H,23,21200619,554
H,23,21200620,502
H,23,21200621,520
H,23,21200622,600
H,23,21200623,518
H,23,21200624,530
H,23,21200625,544
H,23,21200626,560
H,23,21200627,443
H,23,21200628,428
H,23,21200629,433
H,24,21200501,0
H,24,21200502,0
H,24,21200503,0
H,24,21200504,0
H,24,21200505,0
H,24,21200506,0
H,24,21200507,0
H,24,21200508,0
H,24,21200509,0
H,24,21200510,0
H,24,21200511,0
H,24,21200512,0
H,24,21200513,0
H,24,21200514,0
H,24,21200515,0
H,24,21200516,0
H,24,21200517,0
H,24,21200518,0
H,24,21200519,0
H,24,21200520,0
H,24,21200521,0
H,24,21200522,0
H,24,21200523,0
H,24,21200524,0
H,24,21200525,0
H,24,21200526,0
H,24,21200527,0
H,24,21200528,0
H,24,21200529,0
H,24,21200530,0
H,24,21200531,0
H,24,21200601,1
H,24,21200602,0
H,24,21200603,13
H,24,21200604,8
H,24,21200605,13
H,24,21200606,0
H,24,21200607,0
H,24,21200608,3
H,24,21200609,7
H,24,21200610,2
H,24,21200611,1
H,24,21200612,4
H,24,21200613,4
H,24,21200614,8
H,24,21200615,8
H,24,21200616,8
H,24,21200617,5
H,24,21200618,6
H,24,21200619,8
H,24,21200620,6
H,24,21200621,8
H,24,21200622,14
H,24,21200623,17
H,24,21200624,18
H,24,21200625,17
H,24,21200626,17
H,24,21200627,26
H,24,21200628,21
H,24,21200629,38
H,25,21200501,0
H,25,21200502,0
H,25,21200503,0
H,25,21200504,0
H,25,21200505,0
H,25,21200506,0
H,25,21200507,0
H,25,21200508,0
H,25,21200509,0
H,25,21200510,0
H,25,21200511,0
H,25,21200512,0
H,25,21200513,0
H,25,21200514,0
H,25,21200515,0
H,25,21200516,0
H,25,21200517,0
H,25,21200518,0
H,25,21200519,0
H,25,21200520,0
H,25,21200521,0
H,25,21200522,0
H,25,21200523,0
H,25,21200524,0
H,25,21200525,0
H,25,21200526,0
H,25,21200527,0
H,25,21200528,0
H,25,21200529,0
H,25,21200530,0
H,25,21200531,3
H,25,21200601,3
H,25,21200602,0
H,25,21200603,0
H,25,21200604,0
H,25,21200605,0
H,25,21200606,0
H,25,21200607,0
H,25,21200608,0
H,25,21200609,0
H,25,21200610,1
H,25,21200611,0
H,25,21200612,1
H,25,21200613,0
H,25,21200614,6
H,25,21200615,3
H,25,21200616,2
H,25,21200617,3
H,25,21200618,5
H,25,21200619,6
H,25,21200620,6
H,25,21200621,3
H,25,21200622,12
H,25,21200623,12
H,25,21200624,22
H,25,21200625,20
H,25,21200626,20
H,25,21200627,22
H,25,21200628,16
H,25,21200629,14
H,26,21200501,0
H,26,21200502,0
H,26,21200503,0
H,26,21200504,0
H,26,21200505,0
H,26,21200506,0
H,26,21200507,0
H,26,21200508,0
H,26,21200509,0
H,26,21200510,0
H,26,21200511,0
H,26,21200512,0
H,26,21200513,0
H,26,21200514,0
H,26,21200515,0
H,26,21200516,0
H,26,21200517,0
H,26,21200518,0
H,26,21200519,0
H,26,21200520,0
H,26,21200521,0
H,26,21200522,0
H,26,21200523,0
H,26,21200524,0
H,26,21200525,0
H,26,21200526,0
H,26,21200527,0
H,26,21200528,0
H,26,21200529,0
H,26,21200530,0
H,26,21200531,1
H,26,21200601,0
H,26,21200602,2
H,26,21200603,6
H,26,21200604,13
H,26,21200605,18
H,26,21200606,8
H,26,21200607,16
H,26,21200608,17
H,26,21200609,18
H,26,21200610,13
H,26,21200611,32
H,26,21200612,33
H,26,21200613,25
H,26,21200614,25
H,26,21200615,37
H,26,21200616,46
H,26,21200617,46
H,26,21200618,76
H,26,21200619,95
H,26,21200620,77
H,26,21200621,84
H,26,21200622,119
H,26,21200623,128
H,26,21200624,121
H,26,21200625,127
H,26,21200626,135
H,26,21200627,129
H,26,21200628,85
H,26,21200629,103
H,27,21200501,0
H,27,21200502,0
H,27,21200503,0
H,27,21200504,0
H,27,21200505,0
H,27,21200506,0
H,27,21200507,0
H,27,21200508,0
H,27,21200509,0
H,27,21200510,0
H,27,21200511,0
H,27,21200512,0
H,27,21200513,0
H,27,21200514,0
H,27,21200515,0
H,27,21200516,0
H,27,21200517,0
H,27,21200518,0
H,27,21200519,0
H,27,21200520,0
H,27,21200521,0
H,27,21200522,0
H,27,21200523,0
H,27,21200524,0
H,27,21200525,0
H,27,21200526,0
H,27,21200527,0
H,27,21200528,0
H,27,21200529,0
H,27,21200530,0
H,27,21200531,6
H,27,21200601,1
H,27,21200602,4
H,27,21200603,19
H,27,21200604,18
H,27,21200605,48
H,27,21200606,26
H,27,21200607,46
H,27,21200608,55
H,27,21200609,53
H,27,21200610,89
H,27,21200611,143
H,27,21200612,129
H,27,21200613,177
H,27,21200614,249
H,27,21200615,260
H,27,21200616,273
H,27,21200617,360
H,27,21200618,383
H,27,21200619,348
H,27,21200620,349
H,27,21200621,381
H,27,21200622,369
H,27,21200623,410
H,27,21200624,425
H,27,21200625,434
H,27,21200626,446
H,27,21200627,316
H,27,21200628,288
H,27,21200629,272
H,28,21200501,0
H,28,21200502,0
H,28,21200503,0
H,28,21200504,0
H,28,21200505,0
H,28,21200506,0
H,28,21200507,0
H,28,21200508,0
H,28,21200509,0
H,28,21200510,0
H,28,21200511,0
H,28,21200512,0
H,28,21200513,0
H,28,21200514,0
H,28,21200515,0
H,28,21200516,0
H,28,21200517,0
H,28,21200518,0
H,28,21200519,0
H,28,21200520,0
H,28,21200521,0
H,28,21200522,0
H,28,21200523,0
H,28,21200524,0
H,28,21200525,0
H,28,21200526,0
H,28,21200527,0
H,28,21200528,0
H,28,21200529,0
H,28,21200530,0
H,28,21200531,0
H,28,21200601,1
H,28,21200602,3
H,28,21200603,2
H,28,21200604,13
H,28,21200605,20
H,28,21200606,25
H,28,21200607,11
H,28,21200608,12
H,28,21200609,10
H,28,21200610,12
H,28,21200611,38
H,28,21200612,54
H,28,21200613,45
H,28,21200614,31
H,28,21200615,48
H,28,21200616,69
H,28,21200617,80
H,28,21200618,43
H,28,21200619,59
H,28,21200620,68
H,28,21200621,68
H,28,21200622,75
H,28,21200623,50
H,28,21200624,70
H,28,21200625,65
H,28,21200626,60
H,28,21200627,52
H,28,21200628,51
H,28,21200629,46
H,29,21200501,0
H,29,21200502,0
H,29,21200503,0
H,29,21200504,0
H,29,21200505,0
H,29,21200506,0
H,29,21200507,0
H,29,21200508,0
H,29,21200509,0
H,29,21200510,0
H,29,21200511,0
H,29,21200512,0
H,29,21200513,0
H,29,21200514,0
H,29,21200515,0
H,29,21200516,0
H,29,21200517,0
H,29,21200518,0
H,29,21200519,0
H,29,21200520,0
H,29,21200521,0
H,29,21200522,0
H,29,21200523,0
H,29,21200524,0
H,29,21200525,0
H,29,21200526,0
H,29,21200527,0
H,29,21200528,0
H,29,21200529,0
H,29,21200530,0
H,29,21200531,0
H,29,21200601,0
H,29,21200602,0
H,29,21200603,2
H,29,21200604,4
H,29,21200605,15
H,29,21200606,5
H,29,21200607,3
H,29,21200608,5
H,29,21200609,8
H,29,21200610,20
H,29,21200611,11
H,29,21200612,16
H,29,21200613,27
H,29,21200614,35
H,29,21200615,29
H,29,21200616,23
H,29,21200617,35
H,29,21200618,29
H,29,21200619,28
H,29,21200620,25
H,29,21200621,41
H,29,21200622,49
H,29,21200623,52
H,29,21200624,68
H,29,21200625,64
H,29,21200626,61
H,29,21200627,75
H,29,21200628,82
H,29,21200629,48
H,30,21200501,0
H,30,21200502,0
H,30,21200503,0
H,30,21200504,0
H,30,21200505,0
H,30,21200506,0
H,30,21200507,0
H,30,21200508,0
H,30,21200509,0
H,30,21200510,0
H,30,21200511,0
H,30,21200512,0
H,30,21200513,0
H,30,21200514,0
H,30,21200515,0
H,30,21200516,0
H,30,21200517,0
H,30,21200518,0
H,30,21200519,0
H,30,21200520,0
H,30,21200521,0
H,30,21200522,0
H,30,21200523,0
H,30,21200524,0
H,30,21200525,0
H,30,21200526,0
H,30,21200527,0
H,30,21200528,0
H,30,21200529,0
H,30,21200530,0
H,30,21200531,0
H,30,21200601,0
H,30,21200602,3
H,30,21200603,0
H,30,21200604,2
H,30,21200605,11
H,30,21200606,12
H,30,21200607,1
H,30,21200608,2
H,30,21200609,5
H,30,21200610,25
H,30,21200611,24
H,30,21200612,19
H,30,21200613,37
H,30,21200614,52
H,30,21200615,57
H,30,21200616,64
H,30,21200617,63
H,30,21200618,90
H,30,21200619,102
H,30,21200620,86
H,30,21200621,91
H,30,21200622,120
H,30,21200623,132
H,30,21200624,97
H,30,21200625,116
H,30,21200626,133
H,30,21200627,107
H,30,21200628,86
H,30,21200629,98
H,31,21200501,0
H,31,21200502,0
H,31,21200503,0
H,31,21200504,0
H,31,21200505,0
H,31,21200506,0
H,31,21200507,0
H,31,21200508,0
H,31,21200509,0
H,31,21200510,0
H,31,21200511,0
H,31,21200512,0
H,31,21200513,0
H,31,21200514,0
H,31,21200515,0
H,31,21200516,0
H,31,21200517,0
H,31,21200518,0
H,31,21200519,0
H,31,21200520,0
H,31,21200521,0
H,31,21200522,0
H,31,21200523,0
H,31,21200524,0
H,31,21200525,0
H,31,21200526,0
H,31,21200527,0
H,31,21200528,0
H,31,21200529,0
H,31,21200530,0
H,31,21200531,0
H,31,21200601,0
H,31,21200602,0
H,31,21200603,0
H,31,21200604,0
H,31,21200605,0
H,31,21200606,0
H,31,21200607,0
H,31,21200608,0
H,31,21200609,0
H,31,21200610,0
H,31,21200611,0
H,31,21200612,0
H,31,21200613,0
H,31,21200614,0
H,31,21200615,0
H,31,21200616,0
H,31,21200617,0
H,31,21200618,0
H,31,21200619,0
H,31,21200620,0
H,31,21200621,0
H,31,21200622,0
H,31,21200623,0
H,31,21200624,0
H,31,21200625,0
H,31,21200626,0
H,31,21200627,0
H,31,21200628,0
H,31,21200629,0
H,32,21200501,0
H,32,21200502,0
H,32,21200503,0
H,32,21200504,0
H,32,21200505,0
H,32,21200506,0
H,32,21200507,0
H,32,21200508,0
H,32,21200509,0
H,32,21200510,0
H,32,21200511,0
H,32,21200512,0
H,32,21200513,0
H,32,21200514,0
H,32,21200515,0
H,32,21200516,0
H,32,21200517,0
H,32,21200518,0
H,32,21200519,0
H,32,21200520,0
H,32,21200521,0
H,32,21200522,0
H,32,21200523,0
H,32,21200524,0
H,32,21200525,0
H,32,21200526,0
H,32,21200527,0
H,32,21200528,0
H,32,21200529,0
H,32,21200530,2
H,32,21200531,7
H,32,21200601,1
H,32,21200602,6
H,32,21200603,7
H,32,21200604,9
H,32,21200605,25
H,32,21200606,10
H,32,21200607,12
H,32,21200608,12
H,32,21200609,19
H,32,21200610,19
H,32,21200611,16
H,32,21200612,36
H,32,21200613,28
H,32,21200614,27
H,32,21200615,42
H,32,21200616,53
H,32,21200617,73
H,32,21200618,58
H,32,21200619,57
H,32,21200620,46
H,32,21200621,51
H,32,21200622,86
H,32,21200623,82
H,32,21200624,78
H,32,21200625,84
H,32,21200626,90
H,32,21200627,79
H,32,21200628,69
H,32,21200629,71
H,33,21200501,0
H,33,21200502,0
H,33,21200503,0
H,33,21200504,0
H,33,21200505,0
H,33,21200506,0
H,33,21200507,0
H,33,21200508,0
H,33,21200509,0
H,33,21200510,0
H,33,21200511,0
H,33,21200512,0
H,33,21200513,0
H,33,21200514,0
H,33,21200515,0
H,33,21200516,0
H,33,21200517,0
H,33,21200518,0
H,33,21200519,0
H,33,21200520,0
H,33,21200521,0
H,33,21200522,0
H,33,21200523,0
H,33,21200524,0
H,33,21200525,0
H,33,21200526,0
H,33,21200527,0
H,33,21200528,0
H,33,21200529,1
H,33,21200530,0
H,33,21200531,0
H,33,21200601,0
H,33,21200602,3
H,33,21200603,0
H,33,21200604,9
H,33,21200605,5
H,33,21200606,8
H,33,21200607,9
H,33,21200608,4
H,33,21200609,3
H,33,21200610,4
H,33,21200611,12
H,33,21200612,15
H,33,21200613,22
H,33,21200614,31
H,33,21200615,27
H,33,21200616,22
H,33,21200617,35
H,33,21200618,29
H,33,21200619,30
H,33,21200620,22
H,33,21200621,36
H,33,21200622,55
H,33,21200623,50
H,33,21200624,78
H,33,21200625,82
H,33,21200626,87
H,33,21200627,52
H,33,21200628,62
H,33,21200629,61
H,34,21200501,0
H,34,21200502,0
H,34,21200503,0
H,34,21200504,0
H,34,21200505,0
H,34,21200506,0
H,34,21200507,0
H,34,21200508,0
H,34,21200509,0
H,34,21200510,0
H,34,21200511,0
H,34,21200512,0
H,34,21200513,0
H,34,21200514,0
H,34,21200515,0
H,34,21200516,0
H,34,21200517,0
H,34,21200518,0
H,34,21200519,0
H,34,21200520,0
H,34,21200521,0
H,34,21200522,0
H,34,21200523,0
H,34,21200524,1
H,34,21200525,0
H,34,21200526,0
H,34,21200527,0
H,34,21200528,0
H,34,21200529,0
H,34,21200530,0
H,34,21200531,0
H,34,21200601,0
H,34,21200602,0
H,34,21200603,0
H,34,21200604,0
H,34,21200605,0
H,34,21200606,3
H,34,21200607,2
H,34,21200608,0
H,34,21200609,0
H,34,21200610,0
H,34,21200611,0
H,34,21200612,0
H,34,21200613,0
H,34,21200614,4
H,34,21200615,2
H,34,21200616,0
H,34,21200617,2
H,34,21200618,0
H,34,21200619,0
H,34,21200620,0
H,34,21200621,0
H,34,21200622,0
H,34,21200623,0
H,34,21200624,0
H,34,21200625,0
H,34,21200626,0
H,34,21200627,0
H,34,21200628,0
H,34,21200629,1
H,35,21200501,0
H,35,21200502,0
H,35,21200503,0
H,35,21200504,0
H,35,21200505,0
H,35,21200506,0
H,35,21200507,0
H,35,21200508,0
H,35,21200509,0
H,35,21200510,0
H,35,21200511,0
H,35,21200512,0
H,35,21200513,0
H,35,21200514,0
H,35,21200515,0
H,35,21200516,0
H,35,21200517,0
H,35,21200518,0
H,35,21200519,0
H,35,21200520,0
H,35,21200521,0
H,35,21200522,0
H,35,21200523,0
H,35,21200524,0
H,35,21200525,0
H,35,21200526,0
H,35,21200527,0
H,35,21200528,0
H,35,21200529,0
H,35,21200530,0
H,35,21200531,1
H,35,21200601,1
H,35,21200602,9
H,35,21200603,4
H,35,21200604,4
H,35,21200605,3
H,35,21200606,10
H,35,21200607,10
H,35,21200608,6
H,35,21200609,15
H,35,21200610,14
H,35,21200611,10
H,35,21200612,11
H,35,21200613,17
H,35,21200614,20
H,35,21200615,34
H,35,21200616,47
H,35,21200617,34
H,35,21200618,37
H,35,21200619,50
H,35,21200620,41
H,35,21200621,73
H,35,21200622,65
H,35,21200623,69
H,35,21200624,76
H,35,21200625,76
H,35,21200626,77
H,35,21200627,67
H,35,21200628,52
H,35,21200629,64
H,36,21200501,0
H,36,21200502,0
H,36,21200503,0
H,36,21200504,0
H,36,21200505,0
H,36,21200506,0
H,36,21200507,0
H,36,21200508,0
H,36,21200509,0
H,36,21200510,0
H,36,21200511,0
H,36,21200512,0
H,36,21200513,0
H,36,21200514,0
H,36,21200515,0
H,36,21200516,0
H,36,21200517,0
H,36,21200518,0
H,36,21200519,0
H,36,21200520,0
H,36,21200521,0
H,36,21200522,0
H,36,21200523,0
H,36,21200524,0
H,36,21200525,0
H,36,21200526,0
H,36,21200527,0
H,36,21200528,0
H,36,21200529,0
H,36,21200530,0
H,36,21200531,0
H,36,21200601,0
H,36,21200602,5
H,36,21200603,5
H,36,21200604,8
H,36,21200605,2
H,36,21200606,11
H,36,21200607,11
H,36,21200608,5
H,36,21200609,7
H,36,21200610,6
H,36,21200611,18
H,36,21200612,24
H,36,21200613,11
H,36,21200614,15
H,36,21200615,21
H,36,21200616,26
H,36,21200617,47
H,36,21200618,47
H,36,21200619,37
H,36,21200620,47
H,36,21200621,45
H,36,21200622,41
H,36,21200623,61
H,36,21200624,64
H,36,21200625,69
H,36,21200626,74
H,36,21200627,47
H,36,21200628,45
H,36,21200629,40
H,37,21200501,0
H,37,21200502,0
H,37,21200503,0
H,37,21200504,0
H,37,21200505,0
H,37,21200506,0
H,37,21200507,0
H,37,21200508,0
H,37,21200509,0
H,37,21200510,0
H,37,21200511,0
H,37,21200512,0
H,37,21200513,0
H,37,21200514,0
H,37,21200515,0
H,37,21200516,0
H,37,21200517,0
H,37,21200518,0
H,37,21200519,0
H,37,21200520,0
H,37,21200521,0
H,37,21200522,0
H,37,21200523,0
H,37,21200524,0
H,37,21200525,0
H,37,21200526,0
H,37,21200527,0
H,37,21200528,0
H,37,21200529,0
H,37,21200530,0
H,37,21200531,7
H,37,21200601,3
H,37,21200602,23
H,37,21200603,16
H,37,21200604,15
H,37,21200605,15
H,37,21200606,12
H,37,21200607,8
H,37,21200608,20
H,37,21200609,9
H,37,21200610,10
H,37,21200611,32
H,37,21200612,44
H,37,21200613,57
H,37,21200614,47
H,37,21200615,54
H,37,21200616,64
H,37,21200617,71
H,37,21200618,99
H,37,21200619,87
H,37,21200620,82
H,37,21200621,83
H,37,21200622,133
H,37,21200623,127
H,37,21200624,147
H,37,21200625,143
H,37,21200626,141
H,37,21200627,135
H,37,21200628,127
H,37,21200629,150
H,38,21200501,0
H,38,21200502,0
H,38,21200503,0
H,38,21200504,0
H,38,21200505,0
H,38,21200506,0
H,38,21200507,0
H,38,21200508,0
H,38,21200509,0
H,38,21200510,0
H,38,21200511,0
H,38,21200512,0
H,38,21200513,0
H,38,21200514,0
H,38,21200515,0
H,38,21200516,0
H,38,21200517,0
H,38,21200518,0
H,38,21200519,0
H,38,21200520,0
H,38,21200521,0
H,38,21200522,0
H,38,21200523,0
H,38,21200524,0
H,38,21200525,0
H,38,21200526,2
H,38,21200527,5
H,38,21200528,9
H,38,21200529,2
H,38,21200530,30
H,38,21200531,30
H,38,21200601,44
H,38,21200602,61
H,38,21200603,112
H,38,21200604,118
H,38,21200605,124
H,38,21200606,104
H,38,21200607,151
H,38,21200608,172
H,38,21200609,178
H,38,21200610,263
H,38,21200611,303
H,38,21200612,368
H,38,21200613,497
H,38,21200614,528
H,38,21200615,652
H,38,21200616,810
H,38,21200617,875
H,38,21200618,873
H,38,21200619,923
H,38,21200620,730
H,38,21200621,830
H,38,21200622,996
H,38,21200623,1073
H,38,21200624,1090
H,38,21200625,1079
H,38,21200626,1069
H,38,21200627,742
H,38,21200628,786
H,38,21200629,864
H,39,21200501,0
H,39,21200502,0
H,39,21200503,0
H,39,21200504,0
H,39,21200505,0
H,39,21200506,0
H,39,21200507,0
H,39,21200508,0
H,39,21200509,0
H,39,21200510,0
H,39,21200511,0
H,39,21200512,0
H,39,21200513,0
H,39,21200514,0
H,39,21200515,0
H,39,21200516,0
H,39,21200517,0
H,39,21200518,0
H,39,21200519,0
H,39,21200520,0
H,39,21200521,0
H,39,21200522,0
H,39,21200523,0
H,39,21200524,0
H,39,21200525,0
H,39,21200526,34
H,39,21200527,5
H,39,21200528,11
H,39,21200529,41
H,39,21200530,95
H,39,21200531,214
H,39,21200601,340
H,39,21200602,512
H,39,21200603,640
H,39,21200604,735
H,39,21200605,317
H,39,21200606,179
H,39,21200607,265
H,39,21200608,256
H,39,21200609,279
H,39,21200610,252
H,39,21200611,375
H,39,21200612,422
H,39,21200613,484
H,39,21200614,540
H,39,21200615,583
H,39,21200616,635
H,39,21200617,662
H,39,21200618,571
H,39,21200619,642
H,39,21200620,539
H,39,21200621,492
H,39,21200622,610
H,39,21200623,575
H,39,21200624,635
H,39,21200625,626
H,39,21200626,616
H,39,21200627,500
H,39,21200628,415
H,39,21200629,472
H,40,21200501,0
H,40,21200502,0
H,40,21200503,0
H,40,21200504,0
H,40,21200505,0
H,40,21200506,0
H,40,21200507,0
H,40,21200508,0
H,40,21200509,0
H,40,21200510,0
H,40,21200511,0
H,40,21200512,0
H,40,21200513,0
H,40,21200514,0
H,40,21200515,0
H,40,21200516,0
H,40,21200517,0
H,40,21200518,0
H,40,21200519,0
H,40,21200520,0
H,40,21200521,0
H,40,21200522,0
H,40,21200523,0
H,40,21200524,0
H,40,21200525,0
H,40,21200526,0
H,40,21200527,0
H,40,21200528,1
H,40,21200529,0
H,40,21200530,0
H,40,21200531,0
H,40,21200601,0
H,40,21200602,0
H,40,21200603,0
H,40,21200604,8
H,40,21200605,4
H,40,21200606,8
H,40,21200607,10
H,40,21200608,11
H,40,21200609,5
H,40,21200610,19
H,40,21200611,14
H,40,21200612,10
H,40,21200613,31
H,40,21200614,23
H,40,21200615,38
H,40,21200616,56
H,40,21200617,68
H,40,21200618,48
H,40,21200619,60
H,40,21200620,47
H,40,21200621,69
H,40,21200622,56
H,40,21200623,62
H,40,21200624,76
H,40,21200625,76
H,40,21200626,76
H,40,21200627,56
H,40,21200628,51
H,40,21200629,52
H,41,21200501,0
H,41,21200502,0
H,41,21200503,0
H,41,21200504,0
H,41,21200505,0
H,41,21200506,0
H,41,21200507,0
H,41,21200508,0
H,41,21200509,0
H,41,21200510,0
H,41,21200511,0
H,41,21200512,0
H,41,21200513,0
H,41,21200514,0
H,41,21200515,0
H,41,21200516,0
H,41,21200517,0
H,41,21200518,0
H,41,21200519,0
H,41,21200520,0
H,41,21200521,0
H,41,21200522,0
H,41,21200523,0
H,41,21200524,0
H,41,21200525,0
H,41,21200526,0
H,41,21200527,0
H,41,21200528,0
H,41,21200529,0
H,41,21200530,1
H,41,21200531,0
H,41,21200601,3
H,41,21200602,3
H,41,21200603,4
H,41,21200604,13
H,41,21200605,4
H,41,21200606,15
H,41,21200607,10
H,41,21200608,22
H,41,21200609,15
H,41,21200610,10
H,41,21200611,20
H,41,21200612,17
H,41,21200613,20
H,41,21200614,39
H,41,21200615,39
H,41,21200616,41
H,41,21200617,31
H,41,21200618,39
H,41,21200619,42
H,41,21200620,41
H,41,21200621,48
H,41,21200622,44
H,41,21200623,67
H,41,21200624,43
H,41,21200625,38
H,41,21200626,32
H,41,21200627,40
H,41,21200628,33
H,41,21200629,52
H,42,21200501,0
H,42,21200502,0
H,42,21200503,0
H,42,21200504,0
H,42,21200505,0
H,42,21200506,0
H,42,21200507,0
H,42,21200508,0
H,42,21200509,0
H,42,21200510,0
H,42,21200511,0
H,42,21200512,0
H,42,21200513,0
H,42,21200514,0
H,42,21200515,0
H,42,21200516,0
H,42,21200517,0
H,42,21200518,0
H,42,21200519,0
H,42,21200520,0
H,42,21200521,0
H,42,21200522,0
H,42,21200523,0
H,42,21200524,0
H,42,21200525,0
H,42,21200526,1
H,42,21200527,3
H,42,21200528,0
H,42,21200529,0
H,42,21200530,7
H,42,21200531,1
H,42,21200601,3
H,42,21200602,10
H,42,21200603,10
H,42,21200604,77
H,42,21200605,72
H,42,21200606,8
H,42,21200607,14
H,42,21200608,25
H,42,21200609,28
H,42,21200610,37
H,42,21200611,42
H,42,21200612,49
H,42,21200613,48
H,42,21200614,55
H,42,21200615,49
H,42,21200616,44
H,42,21200617,50
H,42,21200618,68
H,42,21200619,53
H,42,21200620,65
H,42,21200621,71
H,42,21200622,65
H,42,21200623,56
H,42,21200624,73
H,42,21200625,75
H,42,21200626,78
H,42,21200627,60
H,42,21200628,49
H,42,21200629,43
H,43,21200501,0
H,43,21200502,0
H,43,21200503,0
H,43,21200504,0
H,43,21200505,0
H,43,21200506,0
H,43,21200507,0
H,43,21200508,0
H,43,21200509,0
H,43,21200510,0
H,43,21200511,0
H,43,21200512,0
H,43,21200513,0
H,43,21200514,0
H,43,21200515,0
H,43,21200516,0
H,43,21200517,0
H,43,21200518,0
H,43,21200519,0
H,43,21200520,0
H,43,21200521,0
H,43,21200522,0
H,43,21200523,0
H,43,21200524,0
H,43,21200525,0
H,43,21200526,0
H,43,21200527,0
H,43,21200528,0
H,43,21200529,1
H,43,21200530,1
H,43,21200531,2
H,43,21200601,4
H,43,21200602,4
H,43,21200603,10
H,43,21200604,6
H,43,21200605,15
H,43,21200606,15
H,43,21200607,23
H,43,21200608,27
H,43,21200609,22
H,43,21200610,50
H,43,21200611,66
H,43,21200612,59
H,43,21200613,55
H,43,21200614,87
H,43,21200615,101
H,43,21200616,111
H,43,21200617,140
H,43,21200618,103
H,43,21200619,142
H,43,21200620,122
H,43,21200621,141
H,43,21200622,166
H,43,21200623,148
H,43,21200624,180
H,43,21200625,178
H,43,21200626,176
H,43,21200627,111
H,43,21200628,101
H,43,21200629,112
H,44,21200501,0
H,44,21200502,0
H,44,21200503,0
H,44,21200504,0
H,44,21200505,0
H,44,21200506,0
H,44,21200507,0
H,44,21200508,0
H,44,21200509,0
H,44,21200510,0
H,44,21200511,0
H,44,21200512,0
H,44,21200513,0
H,44,21200514,0
H,44,21200515,0
H,44,21200516,0
H,44,21200517,0
H,44,21200518,0
H,44,21200519,0
H,44,21200520,0
H,44,21200521,0
H,44,21200522,0
H,44,21200523,0
H,44,21200524,0
H,44,21200525,0
H,44,21200526,0
H,44,21200527,0
H,44,21200528,2
H,44,21200529,1
H,44,21200530,1
H,44,21200531,1
H,44,21200601,10
H,44,21200602,26
H,44,21200603,29
H,44,21200604,15
H,44,21200605,14
H,44,21200606,7
H,44,21200607,27
H,44,21200608,35
H,44,21200609,18
H,44,21200610,17
H,44,21200611,63
H,44,21200612,52
H,44,21200613,77
H,44,21200614,97
H,44,21200615,96
H,44,21200616,96
H,44,21200617,110
H,44,21200618,118
H,44,21200619,152
H,44,21200620,142
H,44,21200621,141
H,44,21200622,208
H,44,21200623,230
H,44,21200624,265
H,44,21200625,277
H,44,21200626,296
H,44,21200627,220
H,44,21200628,204
H,44,21200629,213
H,45,21200501,0
H,45,21200502,0
H,45,21200503,0
H,45,21200504,0
H,45,21200505,0
H,45,21200506,0
H,45,21200507,0
H,45,21200508,0
H,45,21200509,0
H,45,21200510,0
H,45,21200511,0
H,45,21200512,0
H,45,21200513,0
H,45,21200514,0
H,45,21200515,0
H,45,21200516,0
H,45,21200517,0
H,45,21200518,0
H,45,21200519,0
H,45,21200520,0
H,45,21200521,0
H,45,21200522,0
H,45,21200523,0
H,45,21200524,0
H,45,21200525,0
H,45,21200526,0
H,45,21200527,0
H,45,21200528,0
H,45,21200529,0
H,45,21200530,0
H,45,21200531,0
H,45,21200601,0
H,45,21200602,2
H,45,21200603,10
H,45,21200604,7
H,45,21200605,10
H,45,21200606,10
H,45,21200607,11
H,45,21200608,5
H,45,21200609,15
H,45,21200610,10
H,45,21200611,15
H,45,21200612,22
H,45,21200613,20
H,45,21200614,27
H,45,21200615,37
H,45,21200616,47
H,45,21200617,59
H,45,21200618,64
H,45,21200619,65
H,45,21200620,69
H,45,21200621,68
H,45,21200622,86
H,45,21200623,77
H,45,21200624,104
H,45,21200625,110
H,45,21200626,118
H,45,21200627,92
H,45,21200628,104
H,45,21200629,99
H,46,21200501,0
H,46,21200502,0
H,46,21200503,0
H,46,21200504,0
H,46,21200505,0
H,46,21200506,0
H,46,21200507,0
H,46,21200508,0
H,46,21200509,0
H,46,21200510,0
H,46,21200511,0
H,46,21200512,0
H,46,21200513,0
H,46,21200514,0
H,46,21200515,0
H,46,21200516,0
H,46,21200517,0
H,46,21200518,0
H,46,21200519,0
H,46,21200520,0
H,46,21200521,0
H,46,21200522,0
H,46,21200523,0
H,46,21200524,0
H,46,21200525,0
H,46,21200526,0
H,46,21200527,0
H,46,21200528,0
H,46,21200529,0
H,46,21200530,0
H,46,21200531,0
H,46,21200601,0
H,46,21200602,4
H,46,21200603,5
H,46,21200604,0
H,46,21200605,13
H,46,21200606,16
H,46,21200607,7
H,46,21200608,1
H,46,21200609,9
H,46,21200610,12
H,46,21200611,16
H,46,21200612,35
H,46,21200613,34
H,46,21200614,29
H,46,21200615,38
H,46,21200616,52
H,46,21200617,62
H,46,21200618,85
H,46,21200619,66
H,46,21200620,91
H,46,21200621,68
H,46,21200622,106
H,46,21200623,141
H,46,21200624,143
H,46,21200625,146
H,46,21200626,150
H,46,21200627,136
H,46,21200628,90
H,46,21200629,106
H,47,21200501,0
H,47,21200502,0
H,47,21200503,0
H,47,21200504,0
H,47,21200505,0
H,47,21200506,0
H,47,21200507,0
H,47,21200508,0
H,47,21200509,0
H,47,21200510,0
H,47,21200511,0
H,47,21200512,0
H,47,21200513,0
H,47,21200514,0
H,47,21200515,0
H,47,21200516,0
H,47,21200517,0
H,47,21200518,0
H,47,21200519,0
H,47,21200520,0
H,47,21200521,0
H,47,21200522,0
H,47,21200523,0
H,47,21200524,0
H,47,21200525,0
H,47,21200526,13
H,47,21200527,5
H,47,21200528,8
H,47,21200529,15
H,47,21200530,31
H,47,21200531,38
H,47,21200601,43
H,47,21200602,100
H,47,21200603,128
H,47,21200604,227
H,47,21200605,115
H,47,21200606,143
H,47,21200607,204
H,47,21200608,236
H,47,21200609,264
H,47,21200610,383
H,47,21200611,449
H,47,21200612,592
H,47,21200613,640
H,47,21200614,803
H,47,21200615,895
H,47,21200616,1017
H,47,21200617,1038
H,47,21200618,988
H,47,21200619,917
H,47,21200620,830
H,47,21200621,890
H,47,21200622,1027
H,47,21200623,900
H,47,21200624,991
H,47,21200625,986
H,47,21200626,983
H,47,21200627,724
H,47,21200628,614
H,47,21200629,700
H,48,21200501,0
H,48,21200502,0
H,48,21200503,0
H,48,21200504,0
H,48,21200505,0
H,48,21200506,0
H,48,21200507,0
H,48,21200508,0
H,48,21200509,0
H,48,21200510,0
H,48,21200511,0
H,48,21200512,0
H,48,21200513,0
H,48,21200514,0
H,48,21200515,0
H,48,21200516,0
H,48,21200517,0
H,48,21200518,0
H,48,21200519,0
H,48,21200520,0
H,48,21200521,0
H,48,21200522,0
H,48,21200523,0
H,48,21200524,0
H,48,21200525,0
H,48,21200526,1
H,48,21200527,0
H,48,21200528,3
H,48,21200529,3
H,48,21200530,5
H,48,21200531,14
H,48,21200601,35
H,48,21200602,49
H,48,21200603,106
H,48,21200604,189
H,48,21200605,141
H,48,21200606,109
H,48,21200607,147
H,48,21200608,277
H,48,21200609,338
H,48,21200610,465
H,48,21200611,581
H,48,21200612,645
H,48,21200613,925
H,48,21200614,1096
H,48,21200615,1135
H,48,21200616,1172
H,48,21200617,1298
H,48,21200618,1093
H,48,21200619,1126
H,48,21200620,1051
H,48,21200621,1157
H,48,21200622,1107
H,48,21200623,889
H,48,21200624,999
H,48,21200625,986
H,48,21200626,974
H,48,21200627,764
H,48,21200628,689
H,48,21200629,762
H,49,21200501,0
H,49,21200502,0
H,49,21200503,0
H,49,21200504,0
H,49,21200505,0
H,49,21200506,0
H,49,21200507,0
H,49,21200508,0
H,49,21200509,0
H,49,21200510,0
H,49,21200511,0
H,49,21200512,0
H,49,21200513,0
H,49,21200514,0
H,49,21200515,0
H,49,21200516,0
H,49,21200517,0
H,49,21200518,0
H,49,21200519,0
H,49,21200520,0
H,49,21200521,0
H,49,21200522,0
H,49,21200523,0
H,49,21200524,1
H,49,21200525,0
H,49,21200526,0
H,49,21200527,2
H,49,21200528,15
H,49,21200529,18
H,49,21200530,23
H,49,21200531,40
H,49,21200601,60
H,49,21200602,162
H,49,21200603,173
H,49,21200604,251
H,49,21200605,195
H,49,21200606,149
H,49,21200607,191
H,49,21200608,308
H,49,21200609,320
H,49,21200610,415
H,49,21200611,535
H,49,21200612,637
H,49,21200613,654
H,49,21200614,751
H,49,21200615,989
H,49,21200616,1292
H,49,21200617,1275
H,49,21200618,1171
H,49,21200619,1182
H,49,21200620,1017
H,49,21200621,1097
H,49,21200622,1336
H,49,21200623,1315
H,49,21200624,1307
H,49,21200625,1336
H,49,21200626,1356
H,49,21200627,1030
H,49,21200628,872
H,49,21200629,998
H,50,21200501,0
H,50,21200502,0
H,50,21200503,0
H,50,21200504,0
H,50,21200505,0
H,50,21200506,0
H,50,21200507,0
H,50,21200508,0
H,50,21200509,0
H,50,21200510,0
H,50,21200511,0
H,50,21200512,0
H,50,21200513,0
H,50,21200514,0
H,50,21200515,0
H,50,21200516,0
H,50,21200517,0
H,50,21200518,0
H,50,21200519,0
H,50,21200520,0
H,50,21200521,0
H,50,21200522,0
H,50,21200523,0
H,50,21200524,0
H,50,21200525,0
H,50,21200526,0
H,50,21200527,0
H,50,21200528,0
H,50,21200529,0
H,50,21200530,0
H,50,21200531,3
H,50,21200601,2
H,50,21200602,7
H,50,21200603,3
H,50,21200604,1
H,50,21200605,6
H,50,21200606,8
H,50,21200607,7
H,50,21200608,12
H,50,21200609,9
H,50,21200610,6
H,50,21200611,11
H,50,21200612,14
H,50,21200613,19
H,50,21200614,36
H,50,21200615,34
H,50,21200616,34
H,50,21200617,53
H,50,21200618,45
H,50,21200619,39
H,50,21200620,43
H,50,21200621,67
H,50,21200622,73
H,50,21200623,99
H,50,21200624,102
H,50,21200625,102
H,50,21200626,102
H,50,21200627,91
H,50,21200628,91
H,50,21200629,99
H,51,21200501,0
H,51,21200502,0
H,51,21200503,0
H,51,21200504,0
H,51,21200505,0
H,51,21200506,0
H,51,21200507,0
H,51,21200508,0
H,51,21200509,0
H,51,21200510,0
H,51,21200511,0
H,51,21200512,0
H,51,21200513,0
H,51,21200514,0
H,51,21200515,0
H,51,21200516,0
H,51,21200517,0
H,51,21200518,0
H,51,21200519,0
H,51,21200520,0
H,51,21200521,0
H,51,21200522,0
H,51,21200523,0
H,51,21200524,0
H,51,21200525,0
H,51,21200526,0
H,51,21200527,0
H,51,21200528,0
H,51,21200529,0
H,51,21200530,0
H,51,21200531,0
H,51,21200601,0
H,51,21200602,5
H,51,21200603,17
H,51,21200604,7
H,51,21200605,11
H,51,21200606,2
H,51,21200607,9
H,51,21200608,18
H,51,21200609,4
H,51,21200610,11
H,51,21200611,28
H,51,21200612,32
H,51,21200613,33
H,51,21200614,43
H,51,21200615,45
H,51,21200616,48
H,51,21200617,26
H,51,21200618,44
H,51,21200619,54
H,51,21200620,54
H,51,21200621,68
H,51,21200622,74
H,51,21200623,70
H,51,21200624,95
H,51,21200625,99
H,51,21200626,103
H,51,21200627,59
H,51,21200628,88
H,51,21200629,76
H,52,21200501,0
H,52,21200502,0
H,52,21200503,0
H,52,21200504,0
H,52,21200505,0
H,52,21200506,0
H,52,21200507,0
H,52,21200508,0
H,52,21200509,0
H,52,21200510,0
H,52,21200511,0
H,52,21200512,0
H,52,21200513,0
H,52,21200514,0
H,52,21200515,0
H,52,21200516,0
H,52,21200517,0
H,52,21200518,0
H,52,21200519,0
H,52,21200520,0
H,52,21200521,0
H,52,21200522,0
H,52,21200523,0
H,52,21200524,0
H,52,21200525,0
H,52,21200526,0
H,52,21200527,0
H,52,21200528,0
H,52,21200529,0
H,52,21200530,0
H,52,21200531,3
H,52,21200601,0
H,52,21200602,0
H,52,21200603,3
H,52,21200604,12
H,52,21200605,15
H,52,21200606,7
H,52,21200607,10
H,52,21200608,4
H,52,21200609,4
H,52,21200610,12
H,52,21200611,25
H,52,21200612,34
H,52,21200613,13
H,52,21200614,17
H,52,21200615,25
H,52,21200616,36
H,52,21200617,38
H,52,21200618,32
H,52,21200619,43
H,52,21200620,37
H,52,21200621,37
H,52,21200622,41
H,52,21200623,54
H,52,21200624,43
H,52,21200625,41
H,52,21200626,39
H,52,21200627,30
H,52,21200628,30
H,52,21200629,36
