K,0,21200501,0
K,0,21200502,0
K,0,21200503,0
K,0,21200504,0
K,0,21200505,0
K,0,21200506,0
K,0,21200507,0
K,0,21200508,0
K,0,21200509,0
K,0,21200510,0
K,0,21200511,0
K,0,21200512,0
K,0,21200513,0
K,0,21200514,0
K,0,21200515,0
K,0,21200516,0
K,0,21200517,0
K,0,21200518,0
K,0,21200519,0
K,0,21200520,0
K,0,21200521,0
K,0,21200522,0
K,0,21200523,0
K,0,21200524,0
K,0,21200525,0
K,0,21200526,0
K,0,21200527,0
K,0,21200528,0
K,0,21200529,0
K,0,21200530,0
K,0,21200531,0
K,0,21200601,2
K,0,21200602,0
K,0,21200603,6
K,0,21200604,3
K,0,21200605,5
K,0,21200606,19
K,0,21200607,5
K,0,21200608,6
K,0,21200609,13
K,0,21200610,38
K,0,21200611,30
K,0,21200612,44
K,0,21200613,77
K,0,21200614,122
K,0,21200615,149
K,0,21200616,181
K,0,21200617,264
K,0,21200618,223
K,0,21200619,261
K,0,21200620,215
K,0,21200621,138
K,0,21200622,229
K,0,21200623,208
K,0,21200624,159
K,0,21200625,134
K,0,21200626,107
K,0,21200627,84
K,0,21200628,62
K,0,21200629,52
K,1,21200501,0
K,1,21200502,0
K,1,21200503,0
K,1,21200504,0
K,1,21200505,0
K,1,21200506,0
K,1,21200507,0
K,1,21200508,0
K,1,21200509,0
K,1,21200510,0
K,1,21200511,0
K,1,21200512,0
K,1,21200513,0
K,1,21200514,0
K,1,21200515,0
K,1,21200516,0
K,1,21200517,0
K,1,21200518,0
K,1,21200519,0
K,1,21200520,0
K,1,21200521,0
K,1,21200522,0
K,1,21200523,0
K,1,21200524,0
K,1,21200525,0
K,1,21200526,0
K,1,21200527,0
K,1,21200528,0
K,1,21200529,0
K,1,21200530,0
K,1,21200531,2
K,1,21200601,0
K,1,21200602,0
K,1,21200603,5
K,1,21200604,10
K,1,21200605,14
K,1,21200606,12
K,1,21200607,15
K,1,21200608,33
K,1,21200609,47
K,1,21200610,58
K,1,21200611,54
K,1,21200612,89
K,1,21200613,90
K,1,21200614,188
K,1,21200615,191
K,1,21200616,197
K,1,21200617,259
K,1,21200618,302
K,1,21200619,319
K,1,21200620,300
K,1,21200621,172
K,1,21200622,212
K,1,21200623,258
K,1,21200624,189
K,1,21200625,137
K,1,21200626,101
K,1,21200627,55
K,1,21200628,35
K,1,21200629,26
K,2,21200501,0
K,2,21200502,0
K,2,21200503,0
K,2,21200504,0
K,2,21200505,0
K,2,21200506,0
K,2,21200507,0
K,2,21200508,0
K,2,21200509,0
K,2,21200510,0
K,2,21200511,0
K,2,21200512,0
K,2,21200513,0
K,2,21200514,0
K,2,21200515,0
K,2,21200516,0
K,2,21200517,0
K,2,21200518,0
K,2,21200519,0
K,2,21200520,0
K,2,21200521,0
K,2,21200522,0
K,2,21200523,0
K,2,21200524,0
K,2,21200525,0
K,2,21200526,0
K,2,21200527,0
K,2,21200528,0
K,2,21200529,0
K,2,21200530,0
K,2,21200531,0
K,2,21200601,0
K,2,21200602,0
K,2,21200603,0
K,2,21200604,0
K,2,21200605,3
K,2,21200606,4
K,2,21200607,7
K,2,21200608,7
K,2,21200609,8
K,2,21200610,10
K,2,21200611,14
K,2,21200612,35
K,2,21200613,68
K,2,21200614,59
K,2,21200615,130
K,2,21200616,186
K,2,21200617,186
K,2,21200618,155
K,2,21200619,221
K,2,21200620,217
K,2,21200621,79
K,2,21200622,143
K,2,21200623,183
K,2,21200624,158
K,2,21200625,139
K,2,21200626,117
K,2,21200627,57
K,2,21200628,58
K,2,21200629,68
K,3,21200501,0
K,3,21200502,0
K,3,21200503,0
K,3,21200504,0
K,3,21200505,0
K,3,21200506,0
K,3,21200507,0
K,3,21200508,0
K,3,21200509,0
K,3,21200510,0
K,3,21200511,0
K,3,21200512,0
K,3,21200513,0
K,3,21200514,0
K,3,21200515,0
K,3,21200516,0
K,3,21200517,0
K,3,21200518,0
K,3,21200519,0
K,3,21200520,0
K,3,21200521,0
K,3,21200522,0
K,3,21200523,0
K,3,21200524,0
K,3,21200525,0
K,3,21200526,0
K,3,21200527,0
K,3,21200528,0
K,3,21200529,0
K,3,21200530,1
K,3,21200531,1
K,3,21200601,1
K,3,21200602,0
K,3,21200603,4
K,3,21200604,10
K,3,21200605,22
K,3,21200606,34
K,3,21200607,29
K,3,21200608,50
K,3,21200609,60
K,3,21200610,86
K,3,21200611,89
K,3,21200612,131
K,3,21200613,136
K,3,21200614,231
K,3,21200615,301
K,3,21200616,349
K,3,21200617,315
K,3,21200618,399
K,3,21200619,394
K,3,21200620,359
K,3,21200621,191
K,3,21200622,239
K,3,21200623,275
K,3,21200624,221
K,3,21200625,168
K,3,21200626,115
K,3,21200627,62
K,3,21200628,45
K,3,21200629,38
K,4,21200501,0
K,4,21200502,0
K,4,21200503,0
K,4,21200504,0
K,4,21200505,0
K,4,21200506,0
K,4,21200507,0
K,4,21200508,0
K,4,21200509,0
K,4,21200510,0
K,4,21200511,0
K,4,21200512,0
K,4,21200513,0
K,4,21200514,0
K,4,21200515,0
K,4,21200516,0
K,4,21200517,0
K,4,21200518,0
K,4,21200519,0
K,4,21200520,0
K,4,21200521,0
K,4,21200522,0
K,4,21200523,0
K,4,21200524,0
K,4,21200525,0
K,4,21200526,0
K,4,21200527,0
K,4,21200528,0
K,4,21200529,0
K,4,21200530,0
K,4,21200531,4
K,4,21200601,5
K,4,21200602,23
K,4,21200603,14
K,4,21200604,11
K,4,21200605,19
K,4,21200606,15
K,4,21200607,17
K,4,21200608,35
K,4,21200609,28
K,4,21200610,44
K,4,21200611,38
K,4,21200612,94
K,4,21200613,126
K,4,21200614,149
K,4,21200615,157
K,4,21200616,165
K,4,21200617,238
K,4,21200618,200
K,4,21200619,219
K,4,21200620,197
K,4,21200621,89
K,4,21200622,156
K,4,21200623,151
K,4,21200624,120
K,4,21200625,98
K,4,21200626,72
K,4,21200627,38
K,4,21200628,23
K,4,21200629,14
K,5,21200501,0
K,5,21200502,0
K,5,21200503,0
K,5,21200504,0
K,5,21200505,0
K,5,21200506,0
K,5,21200507,0
K,5,21200508,0
K,5,21200509,0
K,5,21200510,0
K,5,21200511,0
K,5,21200512,0
K,5,21200513,0
K,5,21200514,0
K,5,21200515,0
K,5,21200516,0
K,5,21200517,0
K,5,21200518,0
K,5,21200519,0
K,5,21200520,0
K,5,21200521,0
K,5,21200522,0
K,5,21200523,5
K,5,21200524,0
K,5,21200525,0
K,5,21200526,3
K,5,21200527,4
K,5,21200528,12
K,5,21200529,31
K,5,21200530,25
K,5,21200531,41
K,5,21200601,53
K,5,21200602,120
K,5,21200603,185
K,5,21200604,237
K,5,21200605,172
K,5,21200606,175
K,5,21200607,237
K,5,21200608,394
K,5,21200609,450
K,5,21200610,628
K,5,21200611,703
K,5,21200612,947
K,5,21200613,1063
K,5,21200614,1418
K,5,21200615,1676
K,5,21200616,1981
K,5,21200617,2020
K,5,21200618,1998
K,5,21200619,1919
K,5,21200620,1632
K,5,21200621,741
K,5,21200622,1027
K,5,21200623,1146
K,5,21200624,940
K,5,21200625,705
K,5,21200626,441
K,5,21200627,201
K,5,21200628,167
K,5,21200629,120
K,6,21200501,0
K,6,21200502,0
K,6,21200503,0
K,6,21200504,0
K,6,21200505,0
K,6,21200506,0
K,6,21200507,0
K,6,21200508,0
K,6,21200509,0
K,6,21200510,0
K,6,21200511,0
K,6,21200512,0
K,6,21200513,0
K,6,21200514,0
K,6,21200515,0
K,6,21200516,0
K,6,21200517,0
K,6,21200518,0
K,6,21200519,0
K,6,21200520,0
K,6,21200521,0
K,6,21200522,0
K,6,21200523,0
K,6,21200524,0
K,6,21200525,0
K,6,21200526,0
K,6,21200527,0
K,6,21200528,0
K,6,21200529,19
K,6,21200530,4
K,6,21200531,3
K,6,21200601,10
K,6,21200602,40
K,6,21200603,66
K,6,21200604,48
K,6,21200605,28
K,6,21200606,34
K,6,21200607,61
K,6,21200608,92
K,6,21200609,52
K,6,21200610,100
K,6,21200611,124
K,6,21200612,178
K,6,21200613,244
K,6,21200614,209
K,6,21200615,273
K,6,21200616,337
K,6,21200617,346
K,6,21200618,421
K,6,21200619,417
K,6,21200620,297
K,6,21200621,117
K,6,21200622,265
K,6,21200623,300
K,6,21200624,230
K,6,21200625,159
K,6,21200626,84
K,6,21200627,48
K,6,21200628,52
K,6,21200629,40
K,7,21200501,0
K,7,21200502,0
K,7,21200503,0
K,7,21200504,0
K,7,21200505,0
K,7,21200506,0
K,7,21200507,0
K,7,21200508,0
K,7,21200509,0
K,7,21200510,0
K,7,21200511,0
K,7,21200512,0
K,7,21200513,0
K,7,21200514,0
K,7,21200515,0
K,7,21200516,0
K,7,21200517,0
K,7,21200518,0
K,7,21200519,0
K,7,21200520,0
K,7,21200521,0
K,7,21200522,0
K,7,21200523,0
K,7,21200524,0
K,7,21200525,0
K,7,21200526,0
K,7,21200527,0
K,7,21200528,0
K,7,21200529,0
K,7,21200530,0
K,7,21200531,0
K,7,21200601,2
K,7,21200602,6
K,7,21200603,3
K,7,21200604,6
K,7,21200605,18
K,7,21200606,6
K,7,21200607,19
K,7,21200608,12
K,7,21200609,22
K,7,21200610,33
K,7,21200611,28
K,7,21200612,46
K,7,21200613,46
K,7,21200614,68
K,7,21200615,86
K,7,21200616,100
K,7,21200617,115
K,7,21200618,185
K,7,21200619,150
K,7,21200620,162
K,7,21200621,75
K,7,21200622,107
K,7,21200623,120
K,7,21200624,128
K,7,21200625,91
K,7,21200626,48
K,7,21200627,25
K,7,21200628,24
K,7,21200629,15
K,8,21200501,0
K,8,21200502,0
K,8,21200503,0
K,8,21200504,0
K,8,21200505,0
K,8,21200506,0
K,8,21200507,0
K,8,21200508,0
K,8,21200509,0
K,8,21200510,0
K,8,21200511,0
K,8,21200512,0
K,8,21200513,0
K,8,21200514,0
K,8,21200515,0
K,8,21200516,0
K,8,21200517,0
K,8,21200518,0
K,8,21200519,0
K,8,21200520,0
K,8,21200521,0
K,8,21200522,0
K,8,21200523,0
K,8,21200524,0
K,8,21200525,0
K,8,21200526,0
K,8,21200527,0
K,8,21200528,0
K,8,21200529,0
K,8,21200530,0
K,8,21200531,0
K,8,21200601,0
K,8,21200602,0
K,8,21200603,0
K,8,21200604,7
K,8,21200605,16
K,8,21200606,6
K,8,21200607,11
K,8,21200608,3
K,8,21200609,26
K,8,21200610,46
K,8,21200611,54
K,8,21200612,78
K,8,21200613,69
K,8,21200614,122
K,8,21200615,163
K,8,21200616,220
K,8,21200617,217
K,8,21200618,200
K,8,21200619,165
K,8,21200620,172
K,8,21200621,60
K,8,21200622,91
K,8,21200623,139
K,8,21200624,96
K,8,21200625,76
K,8,21200626,56
K,8,21200627,32
K,8,21200628,25
K,8,21200629,28
K,9,21200501,0
K,9,21200502,0
K,9,21200503,0
K,9,21200504,0
K,9,21200505,0
K,9,21200506,0
K,9,21200507,0
K,9,21200508,0
K,9,21200509,0
K,9,21200510,0
K,9,21200511,0
K,9,21200512,0
K,9,21200513,0
K,9,21200514,0
K,9,21200515,0
K,9,21200516,0
K,9,21200517,0
K,9,21200518,0
K,9,21200519,0
K,9,21200520,0
K,9,21200521,0
K,9,21200522,0
K,9,21200523,0
K,9,21200524,0
K,9,21200525,0
K,9,21200526,8
K,9,21200527,0
K,9,21200528,2
K,9,21200529,9
K,9,21200530,5
K,9,21200531,12
K,9,21200601,10
K,9,21200602,25
K,9,21200603,33
K,9,21200604,39
K,9,21200605,80
K,9,21200606,84
K,9,21200607,137
K,9,21200608,221
K,9,21200609,267
K,9,21200610,385
K,9,21200611,378
K,9,21200612,602
K,9,21200613,699
K,9,21200614,905
K,9,21200615,1087
K,9,21200616,1237
K,9,21200617,1227
K,9,21200618,1256
K,9,21200619,1341
K,9,21200620,1115
K,9,21200621,533
K,9,21200622,739
K,9,21200623,744
K,9,21200624,630
K,9,21200625,472
K,9,21200626,333
K,9,21200627,140
K,9,21200628,113
K,9,21200629,99
K,10,21200501,0
K,10,21200502,0
K,10,21200503,0
K,10,21200504,0
K,10,21200505,0
K,10,21200506,0
K,10,21200507,0
K,10,21200508,0
K,10,21200509,0
K,10,21200510,0
K,10,21200511,0
K,10,21200512,0
K,10,21200513,0
K,10,21200514,0
K,10,21200515,0
K,10,21200516,0
K,10,21200517,0
K,10,21200518,0
K,10,21200519,0
K,10,21200520,0
K,10,21200521,0
K,10,21200522,0
K,10,21200523,0
K,10,21200524,0
K,10,21200525,0
K,10,21200526,5
K,10,21200527,0
K,10,21200528,1
K,10,21200529,5
K,10,21200530,30
K,10,21200531,28
K,10,21200601,62
K,10,21200602,63
K,10,21200603,192
K,10,21200604,339
K,10,21200605,251
K,10,21200606,239
K,10,21200607,304
K,10,21200608,454
K,10,21200609,627
K,10,21200610,794
K,10,21200611,950
K,10,21200612,1086
K,10,21200613,1449
K,10,21200614,1860
K,10,21200615,2098
K,10,21200616,2328
K,10,21200617,2765
K,10,21200618,2833
K,10,21200619,2859
K,10,21200620,2430
K,10,21200621,1126
K,10,21200622,1618
K,10,21200623,1746
K,10,21200624,1429
K,10,21200625,1111
K,10,21200626,690
K,10,21200627,357
K,10,21200628,238
K,10,21200629,197
K,11,21200501,0
K,11,21200502,0
K,11,21200503,0
K,11,21200504,0
K,11,21200505,0
K,11,21200506,0
K,11,21200507,0
K,11,21200508,0
K,11,21200509,0
K,11,21200510,0
K,11,21200511,0
K,11,21200512,0
K,11,21200513,0
K,11,21200514,0
K,11,21200515,0
K,11,21200516,0
K,11,21200517,0
K,11,21200518,0
K,11,21200519,0
K,11,21200520,0
K,11,21200521,0
K,11,21200522,0
K,11,21200523,0
K,11,21200524,0
K,11,21200525,0
K,11,21200526,0
K,11,21200527,2
K,11,21200528,3
K,11,21200529,2
K,11,21200530,6
K,11,21200531,1
K,11,21200601,1
K,11,21200602,5
K,11,21200603,14
K,11,21200604,19
K,11,21200605,23
K,11,21200606,20
K,11,21200607,27
K,11,21200608,79
K,11,21200609,69
K,11,21200610,127
K,11,21200611,142
K,11,21200612,200
K,11,21200613,199
K,11,21200614,313
K,11,21200615,350
K,11,21200616,385
K,11,21200617,383
K,11,21200618,414
K,11,21200619,493
K,11,21200620,469
K,11,21200621,183
K,11,21200622,214
K,11,21200623,264
K,11,21200624,247
K,11,21200625,161
K,11,21200626,89
K,11,21200627,54
K,11,21200628,47
K,11,21200629,24
K,12,21200501,0
K,12,21200502,0
K,12,21200503,0
K,12,21200504,0
K,12,21200505,0
K,12,21200506,0
K,12,21200507,0
K,12,21200508,0
K,12,21200509,0
K,12,21200510,0
K,12,21200511,0
K,12,21200512,0
K,12,21200513,0
K,12,21200514,0
K,12,21200515,0
K,12,21200516,0
K,12,21200517,0
K,12,21200518,0
K,12,21200519,0
K,12,21200520,0
K,12,21200521,0
K,12,21200522,0
K,12,21200523,0
K,12,21200524,0
K,12,21200525,0
K,12,21200526,0
K,12,21200527,0
K,12,21200528,0
K,12,21200529,0
K,12,21200530,0
K,12,21200531,0
K,12,21200601,2
K,12,21200602,4
K,12,21200603,1
K,12,21200604,3
K,12,21200605,12
K,12,21200606,5
K,12,21200607,6
K,12,21200608,9
K,12,21200609,12
K,12,21200610,19
K,12,21200611,19
K,12,21200612,30
K,12,21200613,36
K,12,21200614,57
K,12,21200615,67
K,12,21200616,77
K,12,21200617,87
K,12,21200618,77
K,12,21200619,94
K,12,21200620,90
K,12,21200621,49
K,12,21200622,54
K,12,21200623,50
K,12,21200624,43
K,12,21200625,31
K,12,21200626,22
K,12,21200627,19
K,12,21200628,16
K,12,21200629,8
K,13,21200501,0
K,13,21200502,0
K,13,21200503,0
K,13,21200504,0
K,13,21200505,0
K,13,21200506,0
K,13,21200507,0
K,13,21200508,0
K,13,21200509,0
K,13,21200510,0
K,13,21200511,0
K,13,21200512,0
K,13,21200513,0
K,13,21200514,0
K,13,21200515,0
K,13,21200516,0
K,13,21200517,0
K,13,21200518,0
K,13,21200519,0
K,13,21200520,0
K,13,21200521,0
K,13,21200522,0
K,13,21200523,0
K,13,21200524,0
K,13,21200525,0
K,13,21200526,0
K,13,21200527,0
K,13,21200528,4
K,13,21200529,0
K,13,21200530,0
K,13,21200531,0
K,13,21200601,0
K,13,21200602,3
K,13,21200603,8
K,13,21200604,9
K,13,21200605,13
K,13,21200606,15
K,13,21200607,20
K,13,21200608,37
K,13,21200609,30
K,13,21200610,76
K,13,21200611,89
K,13,21200612,94
K,13,21200613,114
K,13,21200614,205
K,13,21200615,236
K,13,21200616,266
K,13,21200617,303
K,13,21200618,376
K,13,21200619,424
K,13,21200620,393
K,13,21200621,169
K,13,21200622,246
K,13,21200623,269
K,13,21200624,246
K,13,21200625,179
K,13,21200626,129
K,13,21200627,48
K,13,21200628,41
K,13,21200629,26
K,14,21200501,0
K,14,21200502,0
K,14,21200503,0
K,14,21200504,0
K,14,21200505,0
K,14,21200506,0
K,14,21200507,0
K,14,21200508,0
K,14,21200509,0
K,14,21200510,0
K,14,21200511,0
K,14,21200512,0
K,14,21200513,0
K,14,21200514,0
K,14,21200515,0
K,14,21200516,0
K,14,21200517,0
K,14,21200518,0
K,14,21200519,0
K,14,21200520,0
K,14,21200521,0
K,14,21200522,0
K,14,21200523,0
K,14,21200524,0
K,14,21200525,0
K,14,21200526,0
K,14,21200527,0
K,14,21200528,0
K,14,21200529,0
K,14,21200530,0
K,14,21200531,1
K,14,21200601,0
K,14,21200602,3
K,14,21200603,3
K,14,21200604,4
K,14,21200605,11
K,14,21200606,1
K,14,21200607,3
K,14,21200608,10
K,14,21200609,24
K,14,21200610,4
K,14,21200611,26
K,14,21200612,20
K,14,21200613,38
K,14,21200614,67
K,14,21200615,77
K,14,21200616,90
K,14,21200617,118
K,14,21200618,125
K,14,21200619,134
K,14,21200620,125
K,14,21200621,63
K,14,21200622,107
K,14,21200623,110
K,14,21200624,102
K,14,21200625,85
K,14,21200626,62
K,14,21200627,24
K,14,21200628,18
K,14,21200629,10
K,15,21200501,0
K,15,21200502,0
K,15,21200503,0
K,15,21200504,0
K,15,21200505,0
K,15,21200506,0
K,15,21200507,0
K,15,21200508,0
K,15,21200509,0
K,15,21200510,0
K,15,21200511,0
K,15,21200512,0
K,15,21200513,0
K,15,21200514,0
K,15,21200515,0
K,15,21200516,0
K,15,21200517,0
K,15,21200518,0
K,15,21200519,0
K,15,21200520,0
K,15,21200521,0
K,15,21200522,0
K,15,21200523,0
K,15,21200524,0
K,15,21200525,0
K,15,21200526,0
K,15,21200527,0
K,15,21200528,0
K,15,21200529,0
K,15,21200530,0
K,15,21200531,0
K,15,21200601,0
K,15,21200602,0
K,15,21200603,0
K,15,21200604,20
K,15,21200605,32
K,15,21200606,14
K,15,21200607,38
K,15,21200608,41
K,15,21200609,58
K,15,21200610,145
K,15,21200611,158
K,15,21200612,147
K,15,21200613,278
K,15,21200614,532
K,15,21200615,575
K,15,21200616,608
K,15,21200617,653
K,15,21200618,839
K,15,21200619,974
K,15,21200620,826
K,15,21200621,381
K,15,21200622,415
K,15,21200623,538
K,15,21200624,433
K,15,21200625,303
K,15,21200626,168
K,15,21200627,102
K,15,21200628,72
K,15,21200629,55
K,16,21200501,0
K,16,21200502,0
K,16,21200503,0
K,16,21200504,0
K,16,21200505,0
K,16,21200506,0
K,16,21200507,0
K,16,21200508,0
K,16,21200509,0
K,16,21200510,0
K,16,21200511,0
K,16,21200512,0
K,16,21200513,0
K,16,21200514,0
K,16,21200515,0
K,16,21200516,0
K,16,21200517,0
K,16,21200518,0
K,16,21200519,0
K,16,21200520,0
K,16,21200521,0
K,16,21200522,0
K,16,21200523,0
K,16,21200524,0
K,16,21200525,0
K,16,21200526,0
K,16,21200527,0
K,16,21200528,0
K,16,21200529,0
K,16,21200530,2
K,16,21200531,2
K,16,21200601,2
K,16,21200602,2
K,16,21200603,1
K,16,21200604,9
K,16,21200605,20
K,16,21200606,10
K,16,21200607,8
K,16,21200608,21
K,16,21200609,21
K,16,21200610,37
K,16,21200611,30
K,16,21200612,45
K,16,21200613,57
K,16,21200614,51
K,16,21200615,95
K,16,21200616,144
K,16,21200617,170
K,16,21200618,184
K,16,21200619,206
K,16,21200620,220
K,16,21200621,80
K,16,21200622,167
K,16,21200623,211
K,16,21200624,154
K,16,21200625,122
K,16,21200626,85
K,16,21200627,39
K,16,21200628,33
K,16,21200629,32
K,17,21200501,0
K,17,21200502,0
K,17,21200503,0
K,17,21200504,0
K,17,21200505,0
K,17,21200506,0
K,17,21200507,0
K,17,21200508,0
K,17,21200509,0
K,17,21200510,0
K,17,21200511,0
K,17,21200512,0
K,17,21200513,0
K,17,21200514,0
K,17,21200515,0
K,17,21200516,0
K,17,21200517,0
K,17,21200518,0
K,17,21200519,0
K,17,21200520,0
K,17,21200521,0
K,17,21200522,0
K,17,21200523,0
K,17,21200524,0
K,17,21200525,0
K,17,21200526,0
K,17,21200527,0
K,17,21200528,0
K,17,21200529,0
K,17,21200530,0
K,17,21200531,0
K,17,21200601,0
K,17,21200602,2
K,17,21200603,5
K,17,21200604,7
K,17,21200605,6
K,17,21200606,9
K,17,21200607,6
K,17,21200608,11
K,17,21200609,26
K,17,21200610,25
K,17,21200611,29
K,17,21200612,57
K,17,21200613,67
K,17,21200614,83
K,17,21200615,120
K,17,21200616,168
K,17,21200617,144
K,17,21200618,182
K,17,21200619,219
K,17,21200620,223
K,17,21200621,108
K,17,21200622,187
K,17,21200623,187
K,17,21200624,140
K,17,21200625,116
K,17,21200626,94
K,17,21200627,48
K,17,21200628,50
K,17,21200629,26
K,18,21200501,0
K,18,21200502,0
K,18,21200503,0
K,18,21200504,0
K,18,21200505,0
K,18,21200506,0
K,18,21200507,0
K,18,21200508,0
K,18,21200509,0
K,18,21200510,0
K,18,21200511,0
K,18,21200512,0
K,18,21200513,0
K,18,21200514,0
K,18,21200515,0
K,18,21200516,0
K,18,21200517,0
K,18,21200518,0
K,18,21200519,0
K,18,21200520,0
K,18,21200521,0
K,18,21200522,0
K,18,21200523,0
K,18,21200524,0
K,18,21200525,0
K,18,21200526,0
K,18,21200527,0
K,18,21200528,0
K,18,21200529,0
K,18,21200530,0
K,18,21200531,0
K,18,21200601,0
K,18,21200602,0
K,18,21200603,5
K,18,21200604,0
K,18,21200605,5
K,18,21200606,10
K,18,21200607,8
K,18,21200608,6
K,18,21200609,11
K,18,21200610,29
K,18,21200611,25
K,18,21200612,46
K,18,21200613,55
K,18,21200614,72
K,18,21200615,93
K,18,21200616,115
K,18,21200617,87
K,18,21200618,118
K,18,21200619,99
K,18,21200620,91
K,18,21200621,50
K,18,21200622,56
K,18,21200623,52
K,18,21200624,33
K,18,21200625,27
K,18,21200626,20
K,18,21200627,21
K,18,21200628,12
K,18,21200629,7
K,19,21200501,0
K,19,21200502,0
K,19,21200503,0
K,19,21200504,0
K,19,21200505,0
K,19,21200506,0
K,19,21200507,0
K,19,21200508,0
K,19,21200509,0
K,19,21200510,0
K,19,21200511,0
K,19,21200512,0
K,19,21200513,0
K,19,21200514,0
K,19,21200515,0
K,19,21200516,0
K,19,21200517,0
K,19,21200518,0
K,19,21200519,0
K,19,21200520,0
K,19,21200521,0
K,19,21200522,0
K,19,21200523,0
K,19,21200524,0
K,19,21200525,0
K,19,21200526,0
K,19,21200527,0
K,19,21200528,0
K,19,21200529,0
K,19,21200530,4
K,19,21200531,5
K,19,21200601,6
K,19,21200602,1
K,19,21200603,6
K,19,21200604,28
K,19,21200605,23
K,19,21200606,28
K,19,21200607,44
K,19,21200608,41
K,19,21200609,61
K,19,21200610,50
K,19,21200611,79
K,19,21200612,125
K,19,21200613,170
K,19,21200614,189
K,19,21200615,213
K,19,21200616,238
K,19,21200617,263
K,19,21200618,297
K,19,21200619,279
K,19,21200620,209
K,19,21200621,93
K,19,21200622,140
K,19,21200623,146
K,19,21200624,132
K,19,21200625,106
K,19,21200626,72
K,19,21200627,30
K,19,21200628,20
K,19,21200629,8
K,20,21200501,0
K,20,21200502,0
K,20,21200503,0
K,20,21200504,0
K,20,21200505,0
K,20,21200506,0
K,20,21200507,0
K,20,21200508,0
K,20,21200509,0
K,20,21200510,0
K,20,21200511,0
K,20,21200512,0
K,20,21200513,0
K,20,21200514,0
K,20,21200515,0
K,20,21200516,0
K,20,21200517,0
K,20,21200518,0
K,20,21200519,0
K,20,21200520,0
K,20,21200521,0
K,20,21200522,0
K,20,21200523,0
K,20,21200524,0
K,20,21200525,0
K,20,21200526,0
K,20,21200527,1
K,20,21200528,0
K,20,21200529,0
K,20,21200530,2
K,20,21200531,19
K,20,21200601,39
K,20,21200602,93
K,20,21200603,59
K,20,21200604,73
K,20,21200605,51
K,20,21200606,62
K,20,21200607,78
K,20,21200608,78
K,20,21200609,98
K,20,21200610,130
K,20,21200611,156
K,20,21200612,317
K,20,21200613,308
K,20,21200614,313
K,20,21200615,505
K,20,21200616,657
K,20,21200617,687
K,20,21200618,695
K,20,21200619,682
K,20,21200620,374
K,20,21200621,221
K,20,21200622,531
K,20,21200623,493
K,20,21200624,425
K,20,21200625,310
K,20,21200626,221
K,20,21200627,75
K,20,21200628,48
K,20,21200629,104
K,21,21200501,0
K,21,21200502,0
K,21,21200503,0
K,21,21200504,0
K,21,21200505,0
K,21,21200506,0
K,21,21200507,0
K,21,21200508,0
K,21,21200509,0
K,21,21200510,0
K,21,21200511,0
K,21,21200512,0
K,21,21200513,0
K,21,21200514,0
K,21,21200515,0
K,21,21200516,0
K,21,21200517,0
K,21,21200518,0
K,21,21200519,0
K,21,21200520,0
K,21,21200521,0
K,21,21200522,0
K,21,21200523,0
K,21,21200524,0
K,21,21200525,0
K,21,21200526,0
K,21,21200527,0
K,21,21200528,0
K,21,21200529,5
K,21,21200530,4
K,21,21200531,9
K,21,21200601,6
K,21,21200602,11
K,21,21200603,6
K,21,21200604,16
K,21,21200605,8
K,21,21200606,14
K,21,21200607,22
K,21,21200608,38
K,21,21200609,56
K,21,21200610,46
K,21,21200611,50
K,21,21200612,80
K,21,21200613,107
K,21,21200614,140
K,21,21200615,167
K,21,21200616,205
K,21,21200617,238
K,21,21200618,308
K,21,21200619,293
K,21,21200620,293
K,21,21200621,153
K,21,21200622,235
K,21,21200623,228
K,21,21200624,261
K,21,21200625,185
K,21,21200626,121
K,21,21200627,37
K,21,21200628,32
K,21,21200629,35
K,22,21200501,0
K,22,21200502,0
K,22,21200503,0
K,22,21200504,0
K,22,21200505,0
K,22,21200506,0
K,22,21200507,0
K,22,21200508,0
K,22,21200509,0
K,22,21200510,0
K,22,21200511,0
K,22,21200512,0
K,22,21200513,0
K,22,21200514,0
K,22,21200515,0
K,22,21200516,0
K,22,21200517,0
K,22,21200518,0
K,22,21200519,0
K,22,21200520,0
K,22,21200521,0
K,22,21200522,0
K,22,21200523,0
K,22,21200524,0
K,22,21200525,0
K,22,21200526,0
K,22,21200527,0
K,22,21200528,0
K,22,21200529,0
K,22,21200530,0
K,22,21200531,0
K,22,21200601,0
K,22,21200602,7
K,22,21200603,24
K,22,21200604,39
K,22,21200605,49
K,22,21200606,65
K,22,21200607,68
K,22,21200608,78
K,22,21200609,132
K,22,21200610,201
K,22,21200611,234
K,22,21200612,337
K,22,21200613,351
K,22,21200614,517
K,22,21200615,593
K,22,21200616,662
K,22,21200617,728
K,22,21200618,731
K,22,21200619,769
K,22,21200620,582
K,22,21200621,265
K,22,21200622,392
K,22,21200623,385
K,22,21200624,354
K,22,21200625,256
K,22,21200626,174
K,22,21200627,84
K,22,21200628,48
K,22,21200629,46
K,23,21200501,0
K,23,21200502,0
K,23,21200503,0
K,23,21200504,0
K,23,21200505,0
K,23,21200506,0
K,23,21200507,0
K,23,21200508,0
K,23,21200509,0
K,23,21200510,0
K,23,21200511,0
K,23,21200512,0
K,23,21200513,0
K,23,21200514,0
K,23,21200515,0
K,23,21200516,0
K,23,21200517,0
K,23,21200518,0
K,23,21200519,0
K,23,21200520,0
K,23,21200521,0
K,23,21200522,0
K,23,21200523,0
K,23,21200524,0
K,23,21200525,0
K,23,21200526,2
K,23,21200527,0
K,23,21200528,0
K,23,21200529,1
K,23,21200530,5
K,23,21200531,13
K,23,21200601,7
K,23,21200602,5
K,23,21200603,41
K,23,21200604,76
K,23,21200605,129
K,23,21200606,102
K,23,21200607,116
K,23,21200608,164
K,23,21200609,243
K,23,21200610,314
K,23,21200611,474
K,23,21200612,601
K,23,21200613,660
K,23,21200614,885
K,23,21200615,1106
K,23,21200616,1347
K,23,21200617,1311
K,23,21200618,1232
K,23,21200619,1224
K,23,21200620,1175
K,23,21200621,493
K,23,21200622,591
K,23,21200623,571
K,23,21200624,519
K,23,21200625,421
K,23,21200626,312
K,23,21200627,147
K,23,21200628,94
K,23,21200629,79
K,24,21200501,0
K,24,21200502,0
K,24,21200503,0
K,24,21200504,0
K,24,21200505,0
K,24,21200506,0
K,24,21200507,0
K,24,21200508,0
K,24,21200509,0
K,24,21200510,0
K,24,21200511,0
K,24,21200512,0
K,24,21200513,0
K,24,21200514,0
K,24,21200515,0
K,24,21200516,0
K,24,21200517,0
K,24,21200518,0
K,24,21200519,0
K,24,21200520,0
K,24,21200521,0
K,24,21200522,0
K,24,21200523,0
K,24,21200524,0
K,24,21200525,0
K,24,21200526,0
K,24,21200527,2
K,24,21200528,0
K,24,21200529,2
K,24,21200530,0
K,24,21200531,4
K,24,21200601,8
K,24,21200602,8
K,24,21200603,13
K,24,21200604,18
K,24,21200605,10
K,24,21200606,10
K,24,21200607,31
K,24,21200608,42
K,24,21200609,42
K,24,21200610,45
K,24,21200611,61
K,24,21200612,105
K,24,21200613,104
K,24,21200614,127
K,24,21200615,185
K,24,21200616,227
K,24,21200617,215
K,24,21200618,213
K,24,21200619,296
K,24,21200620,244
K,24,21200621,127
K,24,21200622,147
K,24,21200623,177
K,24,21200624,207
K,24,21200625,162
K,24,21200626,95
K,24,21200627,35
K,24,21200628,35
K,24,21200629,20
K,25,21200501,0
K,25,21200502,0
K,25,21200503,0
K,25,21200504,0
K,25,21200505,0
K,25,21200506,0
K,25,21200507,0
K,25,21200508,0
K,25,21200509,0
K,25,21200510,0
K,25,21200511,0
K,25,21200512,0
K,25,21200513,0
K,25,21200514,0
K,25,21200515,0
K,25,21200516,0
K,25,21200517,0
K,25,21200518,0
K,25,21200519,0
K,25,21200520,0
K,25,21200521,0
K,25,21200522,0
K,25,21200523,0
K,25,21200524,0
K,25,21200525,0
K,25,21200526,0
K,25,21200527,0
K,25,21200528,0
K,25,21200529,0
K,25,21200530,3
K,25,21200531,0
K,25,21200601,2
K,25,21200602,9
K,25,21200603,10
K,25,21200604,6
K,25,21200605,16
K,25,21200606,5
K,25,21200607,31
K,25,21200608,47
K,25,21200609,25
K,25,21200610,60
K,25,21200611,67
K,25,21200612,78
K,25,21200613,113
K,25,21200614,179
K,25,21200615,200
K,25,21200616,221
K,25,21200617,248
K,25,21200618,255
K,25,21200619,329
K,25,21200620,315
K,25,21200621,166
K,25,21200622,178
K,25,21200623,227
K,25,21200624,182
K,25,21200625,140
K,25,21200626,96
K,25,21200627,46
K,25,21200628,37
K,25,21200629,31
K,26,21200501,0
K,26,21200502,0
K,26,21200503,0
K,26,21200504,0
K,26,21200505,0
K,26,21200506,0
K,26,21200507,0
K,26,21200508,0
K,26,21200509,0
K,26,21200510,0
K,26,21200511,0
K,26,21200512,0
K,26,21200513,0
K,26,21200514,0
K,26,21200515,0
K,26,21200516,0
K,26,21200517,0
K,26,21200518,0
K,26,21200519,0
K,26,21200520,0
K,26,21200521,0
K,26,21200522,0
K,26,21200523,0
K,26,21200524,0
K,26,21200525,0
K,26,21200526,0
K,26,21200527,0
K,26,21200528,0
K,26,21200529,3
K,26,21200530,6
K,26,21200531,0
K,26,21200601,7
K,26,21200602,9
K,26,21200603,24
K,26,21200604,34
K,26,21200605,41
K,26,21200606,53
K,26,21200607,74
K,26,21200608,127
K,26,21200609,156
K,26,21200610,202
K,26,21200611,287
K,26,21200612,388
K,26,21200613,482
K,26,21200614,654
K,26,21200615,833
K,26,21200616,1006
K,26,21200617,949
K,26,21200618,1122
K,26,21200619,1181
K,26,21200620,1078
K,26,21200621,523
K,26,21200622,593
K,26,21200623,667
K,26,21200624,513
K,26,21200625,428
K,26,21200626,344
K,26,21200627,159
K,26,21200628,84
K,26,21200629,81
K,27,21200501,0
K,27,21200502,0
K,27,21200503,0
K,27,21200504,0
K,27,21200505,0
K,27,21200506,0
K,27,21200507,0
K,27,21200508,0
K,27,21200509,0
K,27,21200510,0
K,27,21200511,0
K,27,21200512,0
K,27,21200513,0
K,27,21200514,0
K,27,21200515,0
K,27,21200516,0
K,27,21200517,0
K,27,21200518,0
K,27,21200519,0
K,27,21200520,0
K,27,21200521,0
K,27,21200522,0
K,27,21200523,0
K,27,21200524,0
K,27,21200525,0
K,27,21200526,0
K,27,21200527,0
K,27,21200528,4
K,27,21200529,9
K,27,21200530,5
K,27,21200531,0
K,27,21200601,0
K,27,21200602,14
K,27,21200603,18
K,27,21200604,15
K,27,21200605,27
K,27,21200606,64
K,27,21200607,55
K,27,21200608,78
K,27,21200609,97
K,27,21200610,150
K,27,21200611,183
K,27,21200612,279
K,27,21200613,351
K,27,21200614,434
K,27,21200615,525
K,27,21200616,641
K,27,21200617,802
K,27,21200618,824
K,27,21200619,813
K,27,21200620,847
K,27,21200621,355
K,27,21200622,511
K,27,21200623,534
K,27,21200624,469
K,27,21200625,348
K,27,21200626,242
K,27,21200627,103
K,27,21200628,69
K,27,21200629,61
K,28,21200501,0
K,28,21200502,0
K,28,21200503,0
K,28,21200504,0
K,28,21200505,0
K,28,21200506,0
K,28,21200507,0
K,28,21200508,0
K,28,21200509,0
K,28,21200510,0
K,28,21200511,0
K,28,21200512,0
K,28,21200513,0
K,28,21200514,0
K,28,21200515,0
K,28,21200516,0
K,28,21200517,0
K,28,21200518,0
K,28,21200519,0
K,28,21200520,0
K,28,21200521,0
K,28,21200522,0
K,28,21200523,0
K,28,21200524,0
K,28,21200525,0
K,28,21200526,0
K,28,21200527,0
K,28,21200528,0
K,28,21200529,0
K,28,21200530,0
K,28,21200531,0
K,28,21200601,0
K,28,21200602,0
K,28,21200603,1
K,28,21200604,0
K,28,21200605,2
K,28,21200606,4
K,28,21200607,8
K,28,21200608,8
K,28,21200609,8
K,28,21200610,27
K,28,21200611,42
K,28,21200612,37
K,28,21200613,43
K,28,21200614,89
K,28,21200615,105
K,28,21200616,121
K,28,21200617,125
K,28,21200618,140
K,28,21200619,153
K,28,21200620,150
K,28,21200621,72
K,28,21200622,160
K,28,21200623,122
K,28,21200624,99
K,28,21200625,63
K,28,21200626,38
K,28,21200627,18
K,28,21200628,20
K,28,21200629,20
K,29,21200501,0
K,29,21200502,0
K,29,21200503,0
K,29,21200504,0
K,29,21200505,0
K,29,21200506,0
K,29,21200507,0
K,29,21200508,0
K,29,21200509,0
K,29,21200510,0
K,29,21200511,0
K,29,21200512,0
K,29,21200513,0
K,29,21200514,0
K,29,21200515,0
K,29,21200516,0
K,29,21200517,0
K,29,21200518,0
K,29,21200519,0
K,29,21200520,0
K,29,21200521,0
K,29,21200522,0
K,29,21200523,0
K,29,21200524,0
K,29,21200525,0
K,29,21200526,0
K,29,21200527,0
K,29,21200528,0
K,29,21200529,0
K,29,21200530,0
K,29,21200531,2
K,29,21200601,0
K,29,21200602,0
K,29,21200603,0
K,29,21200604,2
K,29,21200605,2
K,29,21200606,7
K,29,21200607,2
K,29,21200608,7
K,29,21200609,8
K,29,21200610,19
K,29,21200611,45
K,29,21200612,66
K,29,21200613,42
K,29,21200614,88
K,29,21200615,98
K,29,21200616,111
K,29,21200617,150
K,29,21200618,137
K,29,21200619,184
K,29,21200620,184
K,29,21200621,72
K,29,21200622,144
K,29,21200623,147
K,29,21200624,125
K,29,21200625,101
K,29,21200626,80
K,29,21200627,35
K,29,21200628,23
K,29,21200629,11
K,30,21200501,0
K,30,21200502,0
K,30,21200503,0
K,30,21200504,0
K,30,21200505,0
K,30,21200506,0
K,30,21200507,0
K,30,21200508,0
K,30,21200509,0
K,30,21200510,0
K,30,21200511,0
K,30,21200512,0
K,30,21200513,0
K,30,21200514,0
K,30,21200515,0
K,30,21200516,0
K,30,21200517,0
K,30,21200518,0
K,30,21200519,0
K,30,21200520,0
K,30,21200521,0
K,30,21200522,0
K,30,21200523,0
K,30,21200524,0
K,30,21200525,0
K,30,21200526,0
K,30,21200527,0
K,30,21200528,0
K,30,21200529,0
K,30,21200530,4
K,30,21200531,3
K,30,21200601,16
K,30,21200602,18
K,30,21200603,43
K,30,21200604,96
K,30,21200605,112
K,30,21200606,69
K,30,21200607,157
K,30,21200608,265
K,30,21200609,379
K,30,21200610,511
K,30,21200611,603
K,30,21200612,803
K,30,21200613,1040
K,30,21200614,1320
K,30,21200615,1555
K,30,21200616,1748
K,30,21200617,1751
K,30,21200618,1626
K,30,21200619,1341
K,30,21200620,1229
K,30,21200621,565
K,30,21200622,755
K,30,21200623,849
K,30,21200624,588
K,30,21200625,462
K,30,21200626,309
K,30,21200627,128
K,30,21200628,96
K,30,21200629,77
K,31,21200501,0
K,31,21200502,0
K,31,21200503,0
K,31,21200504,0
K,31,21200505,0
K,31,21200506,0
K,31,21200507,0
K,31,21200508,0
K,31,21200509,0
K,31,21200510,0
K,31,21200511,0
K,31,21200512,0
K,31,21200513,0
K,31,21200514,0
K,31,21200515,0
K,31,21200516,0
K,31,21200517,0
K,31,21200518,0
K,31,21200519,0
K,31,21200520,0
K,31,21200521,0
K,31,21200522,0
K,31,21200523,0
K,31,21200524,0
K,31,21200525,0
K,31,21200526,0
K,31,21200527,0
K,31,21200528,0
K,31,21200529,0
K,31,21200530,0
K,31,21200531,0
K,31,21200601,2
K,31,21200602,0
K,31,21200603,7
K,31,21200604,3
K,31,21200605,5
K,31,21200606,8
K,31,21200607,16
K,31,21200608,17
K,31,21200609,21
K,31,21200610,19
K,31,21200611,22
K,31,21200612,58
K,31,21200613,93
K,31,21200614,70
K,31,21200615,106
K,31,21200616,156
K,31,21200617,174
K,31,21200618,179
K,31,21200619,160
K,31,21200620,203
K,31,21200621,91
K,31,21200622,108
K,31,21200623,146
K,31,21200624,126
K,31,21200625,84
K,31,21200626,57
K,31,21200627,17
K,31,21200628,15
K,31,21200629,16
K,32,21200501,0
K,32,21200502,0
K,32,21200503,0
K,32,21200504,0
K,32,21200505,0
K,32,21200506,0
K,32,21200507,0
K,32,21200508,0
K,32,21200509,0
K,32,21200510,0
K,32,21200511,0
K,32,21200512,0
K,32,21200513,0
K,32,21200514,0
K,32,21200515,0
K,32,21200516,0
K,32,21200517,0
K,32,21200518,0
K,32,21200519,0
K,32,21200520,0
K,32,21200521,0
K,32,21200522,0
K,32,21200523,0
K,32,21200524,0
K,32,21200525,0
K,32,21200526,0
K,32,21200527,0
K,32,21200528,0
K,32,21200529,0
K,32,21200530,0
K,32,21200531,0
K,32,21200601,0
K,32,21200602,0
K,32,21200603,0
K,32,21200604,0
K,32,21200605,2
K,32,21200606,8
K,32,21200607,11
K,32,21200608,3
K,32,21200609,15
K,32,21200610,25
K,32,21200611,35
K,32,21200612,49
K,32,21200613,37
K,32,21200614,74
K,32,21200615,81
K,32,21200616,93
K,32,21200617,89
K,32,21200618,89
K,32,21200619,105
K,32,21200620,120
K,32,21200621,50
K,32,21200622,41
K,32,21200623,71
K,32,21200624,35
K,32,21200625,30
K,32,21200626,25
K,32,21200627,14
K,32,21200628,12
K,32,21200629,6
K,33,21200501,0
K,33,21200502,0
K,33,21200503,0
K,33,21200504,0
K,33,21200505,0
K,33,21200506,0
K,33,21200507,0
K,33,21200508,0
K,33,21200509,0
K,33,21200510,0
K,33,21200511,0
K,33,21200512,0
K,33,21200513,0
K,33,21200514,0
K,33,21200515,0
K,33,21200516,0
K,33,21200517,0
K,33,21200518,0
K,33,21200519,0
K,33,21200520,0
K,33,21200521,0
K,33,21200522,0
K,33,21200523,0
K,33,21200524,0
K,33,21200525,0
K,33,21200526,9
K,33,21200527,4
K,33,21200528,2
K,33,21200529,16
K,33,21200530,38
K,33,21200531,37
K,33,21200601,64
K,33,21200602,101
K,33,21200603,202
K,33,21200604,289
K,33,21200605,408
K,33,21200606,380
K,33,21200607,511
K,33,21200608,754
K,33,21200609,979
K,33,21200610,1345
K,33,21200611,1525
K,33,21200612,1912
K,33,21200613,2337
K,33,21200614,2695
K,33,21200615,3062
K,33,21200616,3339
K,33,21200617,3086
K,33,21200618,2761
K,33,21200619,2593
K,33,21200620,2103
K,33,21200621,1021
K,33,21200622,1361
K,33,21200623,1167
K,33,21200624,853
K,33,21200625,677
K,33,21200626,446
K,33,21200627,167
K,33,21200628,139
K,33,21200629,97
K,34,21200501,0
K,34,21200502,0
K,34,21200503,0
K,34,21200504,0
K,34,21200505,0
K,34,21200506,0
K,34,21200507,0
K,34,21200508,0
K,34,21200509,0
K,34,21200510,0
K,34,21200511,0
K,34,21200512,0
K,34,21200513,0
K,34,21200514,0
K,34,21200515,0
K,34,21200516,0
K,34,21200517,0
K,34,21200518,0
K,34,21200519,0
K,34,21200520,0
K,34,21200521,0
K,34,21200522,0
K,34,21200523,0
K,34,21200524,0
K,34,21200525,0
K,34,21200526,0
K,34,21200527,0
K,34,21200528,0
K,34,21200529,0
K,34,21200530,0
K,34,21200531,4
K,34,21200601,7
K,34,21200602,7
K,34,21200603,22
K,34,21200604,22
K,34,21200605,36
K,34,21200606,40
K,34,21200607,33
K,34,21200608,61
K,34,21200609,104
K,34,21200610,156
K,34,21200611,186
K,34,21200612,292
K,34,21200613,296
K,34,21200614,415
K,34,21200615,476
K,34,21200616,540
K,34,21200617,441
K,34,21200618,434
K,34,21200619,506
K,34,21200620,425
K,34,21200621,171
K,34,21200622,230
K,34,21200623,222
K,34,21200624,193
K,34,21200625,127
K,34,21200626,74
K,34,21200627,27
K,34,21200628,13
K,34,21200629,19
K,35,21200501,0
K,35,21200502,0
K,35,21200503,0
K,35,21200504,0
K,35,21200505,0
K,35,21200506,0
K,35,21200507,0
K,35,21200508,0
K,35,21200509,0
K,35,21200510,0
K,35,21200511,0
K,35,21200512,0
K,35,21200513,0
K,35,21200514,0
K,35,21200515,0
K,35,21200516,0
K,35,21200517,0
K,35,21200518,0
K,35,21200519,0
K,35,21200520,0
K,35,21200521,0
K,35,21200522,0
K,35,21200523,0
K,35,21200524,0
K,35,21200525,0
K,35,21200526,0
K,35,21200527,0
K,35,21200528,0
K,35,21200529,0
K,35,21200530,0
K,35,21200531,0
K,35,21200601,0
K,35,21200602,0
K,35,21200603,0
K,35,21200604,4
K,35,21200605,5
K,35,21200606,12
K,35,21200607,5
K,35,21200608,11
K,35,21200609,6
K,35,21200610,34
K,35,21200611,25
K,35,21200612,38
K,35,21200613,75
K,35,21200614,67
K,35,21200615,79
K,35,21200616,98
K,35,21200617,130
K,35,21200618,142
K,35,21200619,165
K,35,21200620,129
K,35,21200621,84
K,35,21200622,72
K,35,21200623,85
K,35,21200624,69
K,35,21200625,54
K,35,21200626,34
K,35,21200627,24
K,35,21200628,10
K,35,21200629,14
K,36,21200501,0
K,36,21200502,0
K,36,21200503,0
K,36,21200504,0
K,36,21200505,0
K,36,21200506,0
K,36,21200507,0
K,36,21200508,0
K,36,21200509,0
K,36,21200510,0
K,36,21200511,0
K,36,21200512,0
K,36,21200513,0
K,36,21200514,0
K,36,21200515,0
K,36,21200516,0
K,36,21200517,0
K,36,21200518,0
K,36,21200519,0
K,36,21200520,0
K,36,21200521,0
K,36,21200522,0
K,36,21200523,0
K,36,21200524,0
K,36,21200525,0
K,36,21200526,0
K,36,21200527,2
K,36,21200528,4
K,36,21200529,1
K,36,21200530,5
K,36,21200531,0
K,36,21200601,2
K,36,21200602,10
K,36,21200603,21
K,36,21200604,36
K,36,21200605,16
K,36,21200606,36
K,36,21200607,35
K,36,21200608,93
K,36,21200609,86
K,36,21200610,95
K,36,21200611,146
K,36,21200612,194
K,36,21200613,186
K,36,21200614,250
K,36,21200615,383
K,36,21200616,498
K,36,21200617,498
K,36,21200618,419
K,36,21200619,498
K,36,21200620,456
K,36,21200621,191
K,36,21200622,269
K,36,21200623,229
K,36,21200624,290
K,36,21200625,235
K,36,21200626,163
K,36,21200627,41
K,36,21200628,31
K,36,21200629,40
K,37,21200501,0
K,37,21200502,0
K,37,21200503,0
K,37,21200504,0
K,37,21200505,0
K,37,21200506,0
K,37,21200507,0
K,37,21200508,0
K,37,21200509,0
K,37,21200510,0
K,37,21200511,0
K,37,21200512,0
K,37,21200513,0
K,37,21200514,0
K,37,21200515,0
K,37,21200516,0
K,37,21200517,0
K,37,21200518,0
K,37,21200519,0
K,37,21200520,0
K,37,21200521,0
K,37,21200522,0
K,37,21200523,0
K,37,21200524,0
K,37,21200525,0
K,37,21200526,0
K,37,21200527,0
K,37,21200528,0
K,37,21200529,0
K,37,21200530,0
K,37,21200531,0
K,37,21200601,0
K,37,21200602,0
K,37,21200603,1
K,37,21200604,2
K,37,21200605,3
K,37,21200606,5
K,37,21200607,5
K,37,21200608,3
K,37,21200609,27
K,37,21200610,35
K,37,21200611,43
K,37,21200612,83
K,37,21200613,95
K,37,21200614,147
K,37,21200615,212
K,37,21200616,273
K,37,21200617,254
K,37,21200618,159
K,37,21200619,173
K,37,21200620,154
K,37,21200621,69
K,37,21200622,113
K,37,21200623,96
K,37,21200624,69
K,37,21200625,60
K,37,21200626,52
K,37,21200627,28
K,37,21200628,23
K,37,21200629,17
K,38,21200501,0
K,38,21200502,0
K,38,21200503,0
K,38,21200504,0
K,38,21200505,0
K,38,21200506,0
K,38,21200507,0
K,38,21200508,0
K,38,21200509,0
K,38,21200510,0
K,38,21200511,0
K,38,21200512,0
K,38,21200513,0
K,38,21200514,0
K,38,21200515,0
K,38,21200516,0
K,38,21200517,0
K,38,21200518,0
K,38,21200519,0
K,38,21200520,0
K,38,21200521,0
K,38,21200522,0
K,38,21200523,0
K,38,21200524,0
K,38,21200525,0
K,38,21200526,0
K,38,21200527,0
K,38,21200528,0
K,38,21200529,0
K,38,21200530,0
K,38,21200531,1
K,38,21200601,0
K,38,21200602,0
K,38,21200603,6
K,38,21200604,12
K,38,21200605,26
K,38,21200606,28
K,38,21200607,39
K,38,21200608,76
K,38,21200609,150
K,38,21200610,190
K,38,21200611,213
K,38,21200612,304
K,38,21200613,468
K,38,21200614,447
K,38,21200615,471
K,38,21200616,498
K,38,21200617,461
K,38,21200618,359
K,38,21200619,401
K,38,21200620,308
K,38,21200621,168
K,38,21200622,186
K,38,21200623,169
K,38,21200624,117
K,38,21200625,89
K,38,21200626,60
K,38,21200627,24
K,38,21200628,17
K,38,21200629,23
K,39,21200501,0
K,39,21200502,0
K,39,21200503,0
K,39,21200504,0
K,39,21200505,0
K,39,21200506,0
K,39,21200507,0
K,39,21200508,0
K,39,21200509,0
K,39,21200510,0
K,39,21200511,0
K,39,21200512,0
K,39,21200513,0
K,39,21200514,0
K,39,21200515,0
K,39,21200516,0
K,39,21200517,0
K,39,21200518,0
K,39,21200519,0
K,39,21200520,0
K,39,21200521,0
K,39,21200522,0
K,39,21200523,0
K,39,21200524,0
K,39,21200525,0
K,39,21200526,0
K,39,21200527,0
K,39,21200528,0
K,39,21200529,0
K,39,21200530,4
K,39,21200531,5
K,39,21200601,14
K,39,21200602,26
K,39,21200603,17
K,39,21200604,41
K,39,21200605,91
K,39,21200606,112
K,39,21200607,129
K,39,21200608,201
K,39,21200609,258
K,39,21200610,347
K,39,21200611,464
K,39,21200612,748
K,39,21200613,773
K,39,21200614,1021
K,39,21200615,1285
K,39,21200616,1494
K,39,21200617,1351
K,39,21200618,1385
K,39,21200619,1360
K,39,21200620,1189
K,39,21200621,621
K,39,21200622,778
K,39,21200623,770
K,39,21200624,586
K,39,21200625,464
K,39,21200626,322
K,39,21200627,121
K,39,21200628,88
K,39,21200629,68
K,40,21200501,0
K,40,21200502,0
K,40,21200503,0
K,40,21200504,0
K,40,21200505,0
K,40,21200506,0
K,40,21200507,0
K,40,21200508,0
K,40,21200509,0
K,40,21200510,0
K,40,21200511,0
K,40,21200512,0
K,40,21200513,0
K,40,21200514,0
K,40,21200515,0
K,40,21200516,0
K,40,21200517,0
K,40,21200518,0
K,40,21200519,0
K,40,21200520,0
K,40,21200521,0
K,40,21200522,0
K,40,21200523,0
K,40,21200524,0
K,40,21200525,0
K,40,21200526,0
K,40,21200527,0
K,40,21200528,2
K,40,21200529,1
K,40,21200530,22
K,40,21200531,44
K,40,21200601,46
K,40,21200602,86
K,40,21200603,65
K,40,21200604,218
K,40,21200605,134
K,40,21200606,157
K,40,21200607,151
K,40,21200608,290
K,40,21200609,415
K,40,21200610,497
K,40,21200611,482
K,40,21200612,818
K,40,21200613,957
K,40,21200614,1272
K,40,21200615,1428
K,40,21200616,1562
K,40,21200617,1740
K,40,21200618,1902
K,40,21200619,1810
K,40,21200620,1682
K,40,21200621,786
K,40,21200622,1011
K,40,21200623,1022
K,40,21200624,867
K,40,21200625,579
K,40,21200626,380
K,40,21200627,183
K,40,21200628,124
K,40,21200629,107
K,41,21200501,0
K,41,21200502,0
K,41,21200503,0
K,41,21200504,0
K,41,21200505,0
K,41,21200506,0
K,41,21200507,0
K,41,21200508,0
K,41,21200509,0
K,41,21200510,0
K,41,21200511,0
K,41,21200512,0
K,41,21200513,0
K,41,21200514,0
K,41,21200515,0
K,41,21200516,0
K,41,21200517,0
K,41,21200518,0
K,41,21200519,0
K,41,21200520,0
K,41,21200521,0
K,41,21200522,0
K,41,21200523,0
K,41,21200524,0
K,41,21200525,0
K,41,21200526,0
K,41,21200527,0
K,41,21200528,0
K,41,21200529,0
K,41,21200530,0
K,41,21200531,0
K,41,21200601,0
K,41,21200602,2
K,41,21200603,0
K,41,21200604,4
K,41,21200605,7
K,41,21200606,13
K,41,21200607,9
K,41,21200608,20
K,41,21200609,15
K,41,21200610,37
K,41,21200611,33
K,41,21200612,61
K,41,21200613,97
K,41,21200614,104
K,41,21200615,119
K,41,21200616,133
K,41,21200617,122
K,41,21200618,140
K,41,21200619,126
K,41,21200620,105
K,41,21200621,77
K,41,21200622,82
K,41,21200623,100
K,41,21200624,89
K,41,21200625,65
K,41,21200626,34
K,41,21200627,16
K,41,21200628,9
K,41,21200629,9
K,42,21200501,0
K,42,21200502,0
K,42,21200503,0
K,42,21200504,0
K,42,21200505,0
K,42,21200506,0
K,42,21200507,0
K,42,21200508,0
K,42,21200509,0
K,42,21200510,0
K,42,21200511,0
K,42,21200512,0
K,42,21200513,0
K,42,21200514,0
K,42,21200515,0
K,42,21200516,0
K,42,21200517,0
K,42,21200518,0
K,42,21200519,0
K,42,21200520,0
K,42,21200521,0
K,42,21200522,0
K,42,21200523,0
K,42,21200524,0
K,42,21200525,0
K,42,21200526,1
K,42,21200527,1
K,42,21200528,0
K,42,21200529,0
K,42,21200530,0
K,42,21200531,10
K,42,21200601,13
K,42,21200602,10
K,42,21200603,5
K,42,21200604,12
K,42,21200605,22
K,42,21200606,7
K,42,21200607,14
K,42,21200608,7
K,42,21200609,22
K,42,21200610,23
K,42,21200611,26
K,42,21200612,45
K,42,21200613,57
K,42,21200614,73
K,42,21200615,66
K,42,21200616,60
K,42,21200617,94
K,42,21200618,86
K,42,21200619,90
K,42,21200620,78
K,42,21200621,34
K,42,21200622,50
K,42,21200623,61
K,42,21200624,33
K,42,21200625,26
K,42,21200626,17
K,42,21200627,6
K,42,21200628,3
K,42,21200629,11
K,43,21200501,0
K,43,21200502,0
K,43,21200503,0
K,43,21200504,0
K,43,21200505,0
K,43,21200506,0
K,43,21200507,0
K,43,21200508,0
K,43,21200509,0
K,43,21200510,0
K,43,21200511,0
K,43,21200512,0
K,43,21200513,0
K,43,21200514,0
K,43,21200515,0
K,43,21200516,0
K,43,21200517,0
K,43,21200518,0
K,43,21200519,0
K,43,21200520,0
K,43,21200521,0
K,43,21200522,0
K,43,21200523,0
K,43,21200524,0
K,43,21200525,0
K,43,21200526,0
K,43,21200527,0
K,43,21200528,0
K,43,21200529,0
K,43,21200530,0
K,43,21200531,2
K,43,21200601,1
K,43,21200602,9
K,43,21200603,4
K,43,21200604,4
K,43,21200605,13
K,43,21200606,29
K,43,21200607,22
K,43,21200608,35
K,43,21200609,40
K,43,21200610,89
K,43,21200611,105
K,43,21200612,119
K,43,21200613,161
K,43,21200614,223
K,43,21200615,259
K,43,21200616,303
K,43,21200617,359
K,43,21200618,398
K,43,21200619,420
K,43,21200620,384
K,43,21200621,169
K,43,21200622,263
K,43,21200623,272
K,43,21200624,223
K,43,21200625,171
K,43,21200626,135
K,43,21200627,70
K,43,21200628,31
K,43,21200629,30
K,44,21200501,0
K,44,21200502,0
K,44,21200503,0
K,44,21200504,0
K,44,21200505,0
K,44,21200506,0
K,44,21200507,0
K,44,21200508,0
K,44,21200509,0
K,44,21200510,0
K,44,21200511,0
K,44,21200512,0
K,44,21200513,0
K,44,21200514,0
K,44,21200515,0
K,44,21200516,0
K,44,21200517,0
K,44,21200518,0
K,44,21200519,0
K,44,21200520,0
K,44,21200521,0
K,44,21200522,0
K,44,21200523,0
K,44,21200524,0
K,44,21200525,0
K,44,21200526,0
K,44,21200527,0
K,44,21200528,0
K,44,21200529,0
K,44,21200530,0
K,44,21200531,7
K,44,21200601,7
K,44,21200602,7
K,44,21200603,12
K,44,21200604,10
K,44,21200605,24
K,44,21200606,18
K,44,21200607,12
K,44,21200608,16
K,44,21200609,38
K,44,21200610,47
K,44,21200611,47
K,44,21200612,57
K,44,21200613,83
K,44,21200614,113
K,44,21200615,122
K,44,21200616,132
K,44,21200617,105
K,44,21200618,119
K,44,21200619,142
K,44,21200620,127
K,44,21200621,54
K,44,21200622,72
K,44,21200623,80
K,44,21200624,72
K,44,21200625,47
K,44,21200626,30
K,44,21200627,11
K,44,21200628,12
K,44,21200629,2
K,45,21200501,0
K,45,21200502,0
K,45,21200503,0
K,45,21200504,0
K,45,21200505,0
K,45,21200506,0
K,45,21200507,0
K,45,21200508,0
K,45,21200509,0
K,45,21200510,0
K,45,21200511,0
K,45,21200512,0
K,45,21200513,0
K,45,21200514,0
K,45,21200515,0
K,45,21200516,0
K,45,21200517,0
K,45,21200518,0
K,45,21200519,0
K,45,21200520,0
K,45,21200521,0
K,45,21200522,0
K,45,21200523,0
K,45,21200524,0
K,45,21200525,0
K,45,21200526,0
K,45,21200527,0
K,45,21200528,0
K,45,21200529,0
K,45,21200530,0
K,45,21200531,0
K,45,21200601,0
K,45,21200602,1
K,45,21200603,0
K,45,21200604,3
K,45,21200605,0
K,45,21200606,1
K,45,21200607,11
K,45,21200608,10
K,45,21200609,7
K,45,21200610,12
K,45,21200611,15
K,45,21200612,23
K,45,21200613,38
K,45,21200614,33
K,45,21200615,51
K,45,21200616,74
K,45,21200617,96
K,45,21200618,130
K,45,21200619,157
K,45,21200620,119
K,45,21200621,50
K,45,21200622,104
K,45,21200623,107
K,45,21200624,93
K,45,21200625,68
K,45,21200626,47
K,45,21200627,13
K,45,21200628,12
K,45,21200629,13
K,46,21200501,0
K,46,21200502,0
K,46,21200503,0
K,46,21200504,0
K,46,21200505,0
K,46,21200506,0
K,46,21200507,0
K,46,21200508,0
K,46,21200509,0
K,46,21200510,0
K,46,21200511,0
K,46,21200512,0
K,46,21200513,0
K,46,21200514,0
K,46,21200515,0
K,46,21200516,0
K,46,21200517,0
K,46,21200518,0
K,46,21200519,0
K,46,21200520,0
K,46,21200521,0
K,46,21200522,0
K,46,21200523,0
K,46,21200524,0
K,46,21200525,0
K,46,21200526,0
K,46,21200527,0
K,46,21200528,0
K,46,21200529,1
K,46,21200530,3
K,46,21200531,7
K,46,21200601,4
K,46,21200602,15
K,46,21200603,30
K,46,21200604,60
K,46,21200605,56
K,46,21200606,30
K,46,21200607,67
K,46,21200608,126
K,46,21200609,188
K,46,21200610,203
K,46,21200611,252
K,46,21200612,342
K,46,21200613,479
K,46,21200614,680
K,46,21200615,762
K,46,21200616,877
K,46,21200617,976
K,46,21200618,949
K,46,21200619,1024
K,46,21200620,878
K,46,21200621,466
K,46,21200622,531
K,46,21200623,491
K,46,21200624,460
K,46,21200625,337
K,46,21200626,234
K,46,21200627,106
K,46,21200628,76
K,46,21200629,60
K,47,21200501,0
K,47,21200502,0
K,47,21200503,0
K,47,21200504,0
K,47,21200505,0
K,47,21200506,0
K,47,21200507,0
K,47,21200508,0
K,47,21200509,0
K,47,21200510,0
K,47,21200511,0
K,47,21200512,0
K,47,21200513,0
K,47,21200514,0
K,47,21200515,0
K,47,21200516,0
K,47,21200517,0
K,47,21200518,0
K,47,21200519,0
K,47,21200520,0
K,47,21200521,0
K,47,21200522,0
K,47,21200523,0
K,47,21200524,0
K,47,21200525,0
K,47,21200526,0
K,47,21200527,0
K,47,21200528,0
K,47,21200529,1
K,47,21200530,3
K,47,21200531,0
K,47,21200601,4
K,47,21200602,1
K,47,21200603,4
K,47,21200604,3
K,47,21200605,8
K,47,21200606,13
K,47,21200607,20
K,47,21200608,35
K,47,21200609,34
K,47,21200610,46
K,47,21200611,55
K,47,21200612,103
K,47,21200613,115
K,47,21200614,165
K,47,21200615,187
K,47,21200616,214
K,47,21200617,240
K,47,21200618,232
K,47,21200619,300
K,47,21200620,292
K,47,21200621,139
K,47,21200622,194
K,47,21200623,196
K,47,21200624,198
K,47,21200625,134
K,47,21200626,75
K,47,21200627,51
K,47,21200628,31
K,47,21200629,30
