G,0,21200501,0
G,0,21200502,0
G,0,21200503,0
G,0,21200504,0
G,0,21200505,0
G,0,21200506,0
G,0,21200507,0
G,0,21200508,0
G,0,21200509,0
G,0,21200510,0
G,0,21200511,0
G,0,21200512,0
G,0,21200513,0
G,0,21200514,0
G,0,21200515,0
G,0,21200516,0
G,0,21200517,0
G,0,21200518,0
G,0,21200519,0
G,0,21200520,0
G,0,21200521,0
G,0,21200522,0
G,0,21200523,0
G,0,21200524,0
G,0,21200525,2
G,0,21200526,0
G,0,21200527,0
G,0,21200528,0
G,0,21200529,4
G,0,21200530,2
G,0,21200531,9
G,0,21200601,20
G,0,21200602,9
G,0,21200603,20
G,0,21200604,44
G,0,21200605,24
G,0,21200606,18
G,0,21200607,21
G,0,21200608,35
G,0,21200609,48
G,0,21200610,61
G,0,21200611,66
G,0,21200612,80
G,0,21200613,112
G,0,21200614,91
G,0,21200615,123
G,0,21200616,161
G,0,21200617,107
G,0,21200618,133
G,0,21200619,131
G,0,21200620,102
G,0,21200621,94
G,0,21200622,121
G,0,21200623,135
G,0,21200624,136
G,0,21200625,137
G,0,21200626,138
G,0,21200627,85
G,0,21200628,99
G,0,21200629,96
G,1,21200501,0
G,1,21200502,0
G,1,21200503,0
G,1,21200504,0
G,1,21200505,0
G,1,21200506,0
G,1,21200507,0
G,1,21200508,0
G,1,21200509,0
G,1,21200510,0
G,1,21200511,0
G,1,21200512,0
G,1,21200513,0
G,1,21200514,0
G,1,21200515,0
G,1,21200516,0
G,1,21200517,0
G,1,21200518,0
G,1,21200519,0
G,1,21200520,0
G,1,21200521,0
G,1,21200522,0
G,1,21200523,0
G,1,21200524,0
G,1,21200525,0
G,1,21200526,0
G,1,21200527,0
G,1,21200528,1
G,1,21200529,0
G,1,21200530,4
G,1,21200531,1
G,1,21200601,5
G,1,21200602,9
G,1,21200603,16
G,1,21200604,11
G,1,21200605,28
G,1,21200606,25
G,1,21200607,24
G,1,21200608,18
G,1,21200609,13
G,1,21200610,17
G,1,21200611,24
G,1,21200612,18
G,1,21200613,41
G,1,21200614,30
G,1,21200615,26
G,1,21200616,23
G,1,21200617,41
G,1,21200618,21
G,1,21200619,42
G,1,21200620,34
G,1,21200621,26
G,1,21200622,25
G,1,21200623,49
G,1,21200624,46
G,1,21200625,43
G,1,21200626,40
G,1,21200627,31
G,1,21200628,22
G,1,21200629,27
G,2,21200501,0
G,2,21200502,0
G,2,21200503,0
G,2,21200504,0
G,2,21200505,0
G,2,21200506,0
G,2,21200507,0
G,2,21200508,0
G,2,21200509,0
G,2,21200510,0
G,2,21200511,0
G,2,21200512,0
G,2,21200513,0
G,2,21200514,0
G,2,21200515,0
G,2,21200516,0
G,2,21200517,0
G,2,21200518,0
G,2,21200519,0
G,2,21200520,0
G,2,21200521,0
G,2,21200522,0
G,2,21200523,0
G,2,21200524,0
G,2,21200525,0
G,2,21200526,0
G,2,21200527,0
G,2,21200528,0
G,2,21200529,0
G,2,21200530,0
G,2,21200531,1
G,2,21200601,3
G,2,21200602,14
G,2,21200603,49
G,2,21200604,14
G,2,21200605,17
G,2,21200606,25
G,2,21200607,13
G,2,21200608,12
G,2,21200609,13
G,2,21200610,19
G,2,21200611,6
G,2,21200612,31
G,2,21200613,33
G,2,21200614,13
G,2,21200615,24
G,2,21200616,35
G,2,21200617,32
G,2,21200618,27
G,2,21200619,23
G,2,21200620,30
G,2,21200621,50
G,2,21200622,17
G,2,21200623,26
G,2,21200624,46
G,2,21200625,33
G,2,21200626,20
G,2,21200627,41
G,2,21200628,23
G,2,21200629,33
G,3,21200501,0
G,3,21200502,0
G,3,21200503,0
G,3,21200504,0
G,3,21200505,0
G,3,21200506,0
G,3,21200507,0
G,3,21200508,0
G,3,21200509,0
G,3,21200510,0
G,3,21200511,0
G,3,21200512,0
G,3,21200513,0
G,3,21200514,0
G,3,21200515,0
G,3,21200516,0
G,3,21200517,0
G,3,21200518,0
G,3,21200519,0
G,3,21200520,0
G,3,21200521,0
G,3,21200522,0
G,3,21200523,0
G,3,21200524,0
G,3,21200525,0
G,3,21200526,0
G,3,21200527,0
G,3,21200528,0
G,3,21200529,0
G,3,21200530,4
G,3,21200531,18
G,3,21200601,29
G,3,21200602,49
G,3,21200603,65
G,3,21200604,47
G,3,21200605,64
G,3,21200606,54
G,3,21200607,76
G,3,21200608,87
G,3,21200609,111
G,3,21200610,152
G,3,21200611,138
G,3,21200612,233
G,3,21200613,228
G,3,21200614,277
G,3,21200615,316
G,3,21200616,350
G,3,21200617,350
G,3,21200618,395
G,3,21200619,338
G,3,21200620,265
G,3,21200621,362
G,3,21200622,388
G,3,21200623,372
G,3,21200624,401
G,3,21200625,399
G,3,21200626,396
G,3,21200627,309
G,3,21200628,305
G,3,21200629,309
G,4,21200501,0
G,4,21200502,0
G,4,21200503,0
G,4,21200504,0
G,4,21200505,0
G,4,21200506,0
G,4,21200507,0
G,4,21200508,0
G,4,21200509,0
G,4,21200510,0
G,4,21200511,0
G,4,21200512,0
G,4,21200513,0
G,4,21200514,0
G,4,21200515,0
G,4,21200516,0
G,4,21200517,0
G,4,21200518,0
G,4,21200519,0
G,4,21200520,0
G,4,21200521,0
G,4,21200522,0
G,4,21200523,3
G,4,21200524,1
G,4,21200525,0
G,4,21200526,4
G,4,21200527,4
G,4,21200528,18
G,4,21200529,6
G,4,21200530,2
G,4,21200531,11
G,4,21200601,14
G,4,21200602,15
G,4,21200603,16
G,4,21200604,0
G,4,21200605,11
G,4,21200606,2
G,4,21200607,2
G,4,21200608,13
G,4,21200609,8
G,4,21200610,10
G,4,21200611,24
G,4,21200612,7
G,4,21200613,12
G,4,21200614,12
G,4,21200615,16
G,4,21200616,22
G,4,21200617,10
G,4,21200618,22
G,4,21200619,24
G,4,21200620,31
G,4,21200621,37
G,4,21200622,49
G,4,21200623,58
G,4,21200624,62
G,4,21200625,64
G,4,21200626,67
G,4,21200627,69
G,4,21200628,55
G,4,21200629,63
G,5,21200501,0
G,5,21200502,0
G,5,21200503,0
G,5,21200504,0
G,5,21200505,0
G,5,21200506,0
G,5,21200507,0
G,5,21200508,0
G,5,21200509,0
G,5,21200510,0
G,5,21200511,0
G,5,21200512,0
G,5,21200513,0
G,5,21200514,0
G,5,21200515,0
G,5,21200516,0
G,5,21200517,0
G,5,21200518,0
G,5,21200519,0
G,5,21200520,0
G,5,21200521,0
G,5,21200522,0
G,5,21200523,0
G,5,21200524,0
G,5,21200525,0
G,5,21200526,0
G,5,21200527,0
G,5,21200528,0
G,5,21200529,3
G,5,21200530,0
G,5,21200531,5
G,5,21200601,0
G,5,21200602,0
G,5,21200603,4
G,5,21200604,5
G,5,21200605,1
G,5,21200606,4
G,5,21200607,7
G,5,21200608,7
G,5,21200609,8
G,5,21200610,3
G,5,21200611,9
G,5,21200612,2
G,5,21200613,2
G,5,21200614,14
G,5,21200615,10
G,5,21200616,5
G,5,21200617,3
G,5,21200618,7
G,5,21200619,5
G,5,21200620,6
G,5,21200621,9
G,5,21200622,9
G,5,21200623,18
G,5,21200624,24
G,5,21200625,25
G,5,21200626,26
G,5,21200627,15
G,5,21200628,17
G,5,21200629,28
G,6,21200501,0
G,6,21200502,0
G,6,21200503,0
G,6,21200504,0
G,6,21200505,0
G,6,21200506,0
G,6,21200507,0
G,6,21200508,0
G,6,21200509,0
G,6,21200510,0
G,6,21200511,0
G,6,21200512,0
G,6,21200513,0
G,6,21200514,0
G,6,21200515,0
G,6,21200516,0
G,6,21200517,0
G,6,21200518,0
G,6,21200519,0
G,6,21200520,0
G,6,21200521,0
G,6,21200522,0
G,6,21200523,0
G,6,21200524,0
G,6,21200525,0
G,6,21200526,0
G,6,21200527,0
G,6,21200528,0
G,6,21200529,0
G,6,21200530,0
G,6,21200531,2
G,6,21200601,1
G,6,21200602,2
G,6,21200603,7
G,6,21200604,16
G,6,21200605,35
G,6,21200606,17
G,6,21200607,42
G,6,21200608,39
G,6,21200609,69
G,6,21200610,40
G,6,21200611,92
G,6,21200612,83
G,6,21200613,115
G,6,21200614,157
G,6,21200615,168
G,6,21200616,177
G,6,21200617,178
G,6,21200618,174
G,6,21200619,126
G,6,21200620,136
G,6,21200621,128
G,6,21200622,170
G,6,21200623,156
G,6,21200624,171
G,6,21200625,144
G,6,21200626,105
G,6,21200627,131
G,6,21200628,100
G,6,21200629,82
G,7,21200501,0
G,7,21200502,0
G,7,21200503,0
G,7,21200504,0
G,7,21200505,0
G,7,21200506,0
G,7,21200507,0
G,7,21200508,0
G,7,21200509,0
G,7,21200510,0
G,7,21200511,0
G,7,21200512,0
G,7,21200513,0
G,7,21200514,0
G,7,21200515,0
G,7,21200516,0
G,7,21200517,0
G,7,21200518,0
G,7,21200519,0
G,7,21200520,0
G,7,21200521,0
G,7,21200522,0
G,7,21200523,0
G,7,21200524,0
G,7,21200525,0
G,7,21200526,0
G,7,21200527,0
G,7,21200528,0
G,7,21200529,1
G,7,21200530,3
G,7,21200531,1
G,7,21200601,3
G,7,21200602,5
G,7,21200603,9
G,7,21200604,16
G,7,21200605,20
G,7,21200606,26
G,7,21200607,33
G,7,21200608,46
G,7,21200609,53
G,7,21200610,56
G,7,21200611,59
G,7,21200612,103
G,7,21200613,136
G,7,21200614,159
G,7,21200615,141
G,7,21200616,129
G,7,21200617,163
G,7,21200618,210
G,7,21200619,180
G,7,21200620,191
G,7,21200621,199
G,7,21200622,173
G,7,21200623,198
G,7,21200624,250
G,7,21200625,228
G,7,21200626,209
G,7,21200627,166
G,7,21200628,149
G,7,21200629,141
G,8,21200501,0
G,8,21200502,0
G,8,21200503,0
G,8,21200504,0
G,8,21200505,0
G,8,21200506,0
G,8,21200507,0
G,8,21200508,0
G,8,21200509,0
G,8,21200510,0
G,8,21200511,0
G,8,21200512,0
G,8,21200513,0
G,8,21200514,0
G,8,21200515,0
G,8,21200516,0
G,8,21200517,0
G,8,21200518,0
G,8,21200519,0
G,8,21200520,0
G,8,21200521,0
G,8,21200522,0
G,8,21200523,3
G,8,21200524,0
G,8,21200525,0
G,8,21200526,2
G,8,21200527,2
G,8,21200528,5
G,8,21200529,10
G,8,21200530,7
G,8,21200531,3
G,8,21200601,12
G,8,21200602,33
G,8,21200603,32
G,8,21200604,37
G,8,21200605,37
G,8,21200606,42
G,8,21200607,58
G,8,21200608,72
G,8,21200609,82
G,8,21200610,74
G,8,21200611,122
G,8,21200612,189
G,8,21200613,168
G,8,21200614,167
G,8,21200615,197
G,8,21200616,231
G,8,21200617,220
G,8,21200618,212
G,8,21200619,211
G,8,21200620,199
G,8,21200621,179
G,8,21200622,199
G,8,21200623,158
G,8,21200624,195
G,8,21200625,181
G,8,21200626,167
G,8,21200627,184
G,8,21200628,116
G,8,21200629,127
G,9,21200501,0
G,9,21200502,0
G,9,21200503,0
G,9,21200504,0
G,9,21200505,0
G,9,21200506,0
G,9,21200507,0
G,9,21200508,0
G,9,21200509,0
G,9,21200510,0
G,9,21200511,0
G,9,21200512,0
G,9,21200513,0
G,9,21200514,0
G,9,21200515,0
G,9,21200516,0
G,9,21200517,0
G,9,21200518,0
G,9,21200519,0
G,9,21200520,0
G,9,21200521,0
G,9,21200522,0
G,9,21200523,0
G,9,21200524,3
G,9,21200525,1
G,9,21200526,0
G,9,21200527,0
G,9,21200528,4
G,9,21200529,10
G,9,21200530,8
G,9,21200531,30
G,9,21200601,75
G,9,21200602,98
G,9,21200603,233
G,9,21200604,253
G,9,21200605,112
G,9,21200606,127
G,9,21200607,123
G,9,21200608,193
G,9,21200609,189
G,9,21200610,276
G,9,21200611,365
G,9,21200612,369
G,9,21200613,418
G,9,21200614,405
G,9,21200615,475
G,9,21200616,541
G,9,21200617,611
G,9,21200618,497
G,9,21200619,583
G,9,21200620,455
G,9,21200621,530
G,9,21200622,587
G,9,21200623,473
G,9,21200624,532
G,9,21200625,516
G,9,21200626,494
G,9,21200627,414
G,9,21200628,358
G,9,21200629,387
G,10,21200501,0
G,10,21200502,0
G,10,21200503,0
G,10,21200504,0
G,10,21200505,0
G,10,21200506,0
G,10,21200507,0
G,10,21200508,0
G,10,21200509,0
G,10,21200510,0
G,10,21200511,0
G,10,21200512,0
G,10,21200513,0
G,10,21200514,0
G,10,21200515,0
G,10,21200516,0
G,10,21200517,0
G,10,21200518,0
G,10,21200519,0
G,10,21200520,0
G,10,21200521,0
G,10,21200522,0
G,10,21200523,0
G,10,21200524,0
G,10,21200525,0
G,10,21200526,0
G,10,21200527,1
G,10,21200528,3
G,10,21200529,1
G,10,21200530,6
G,10,21200531,10
G,10,21200601,39
G,10,21200602,32
G,10,21200603,47
G,10,21200604,57
G,10,21200605,90
G,10,21200606,58
G,10,21200607,89
G,10,21200608,136
G,10,21200609,181
G,10,21200610,163
G,10,21200611,218
G,10,21200612,276
G,10,21200613,316
G,10,21200614,331
G,10,21200615,339
G,10,21200616,347
G,10,21200617,366
G,10,21200618,326
G,10,21200619,340
G,10,21200620,254
G,10,21200621,310
G,10,21200622,355
G,10,21200623,306
G,10,21200624,313
G,10,21200625,317
G,10,21200626,325
G,10,21200627,283
G,10,21200628,219
G,10,21200629,189
G,11,21200501,0
G,11,21200502,0
G,11,21200503,0
G,11,21200504,0
G,11,21200505,0
G,11,21200506,0
G,11,21200507,0
G,11,21200508,0
G,11,21200509,0
G,11,21200510,0
G,11,21200511,0
G,11,21200512,0
G,11,21200513,0
G,11,21200514,0
G,11,21200515,0
G,11,21200516,0
G,11,21200517,0
G,11,21200518,0
G,11,21200519,0
G,11,21200520,0
G,11,21200521,0
G,11,21200522,0
G,11,21200523,1
G,11,21200524,0
G,11,21200525,4
G,11,21200526,0
G,11,21200527,0
G,11,21200528,4
G,11,21200529,5
G,11,21200530,36
G,11,21200531,50
G,11,21200601,76
G,11,21200602,193
G,11,21200603,261
G,11,21200604,475
G,11,21200605,207
G,11,21200606,116
G,11,21200607,258
G,11,21200608,320
G,11,21200609,415
G,11,21200610,499
G,11,21200611,610
G,11,21200612,748
G,11,21200613,780
G,11,21200614,908
G,11,21200615,1009
G,11,21200616,1123
G,11,21200617,1287
G,11,21200618,1066
G,11,21200619,1087
G,11,21200620,905
G,11,21200621,1044
G,11,21200622,1042
G,11,21200623,964
G,11,21200624,979
G,11,21200625,982
G,11,21200626,985
G,11,21200627,792
G,11,21200628,624
G,11,21200629,753
G,12,21200501,0
G,12,21200502,0
G,12,21200503,0
G,12,21200504,0
G,12,21200505,0
G,12,21200506,0
G,12,21200507,0
G,12,21200508,0
G,12,21200509,0
G,12,21200510,0
G,12,21200511,0
G,12,21200512,0
G,12,21200513,0
G,12,21200514,0
G,12,21200515,0
G,12,21200516,0
G,12,21200517,0
G,12,21200518,0
G,12,21200519,0
G,12,21200520,0
G,12,21200521,0
G,12,21200522,0
G,12,21200523,0
G,12,21200524,0
G,12,21200525,0
G,12,21200526,0
G,12,21200527,0
G,12,21200528,0
G,12,21200529,1
G,12,21200530,0
G,12,21200531,0
G,12,21200601,11
G,12,21200602,4
G,12,21200603,4
G,12,21200604,24
G,12,21200605,17
G,12,21200606,16
G,12,21200607,22
G,12,21200608,49
G,12,21200609,46
G,12,21200610,40
G,12,21200611,87
G,12,21200612,60
G,12,21200613,86
G,12,21200614,96
G,12,21200615,118
G,12,21200616,136
G,12,21200617,123
G,12,21200618,90
G,12,21200619,110
G,12,21200620,109
G,12,21200621,93
G,12,21200622,151
G,12,21200623,113
G,12,21200624,128
G,12,21200625,122
G,12,21200626,117
G,12,21200627,100
G,12,21200628,91
G,12,21200629,82
G,13,21200501,0
G,13,21200502,0
G,13,21200503,0
G,13,21200504,0
G,13,21200505,0
G,13,21200506,0
G,13,21200507,0
G,13,21200508,0
G,13,21200509,0
G,13,21200510,0
G,13,21200511,0
G,13,21200512,0
G,13,21200513,0
G,13,21200514,0
G,13,21200515,0
G,13,21200516,0
G,13,21200517,0
G,13,21200518,0
G,13,21200519,0
G,13,21200520,0
G,13,21200521,0
G,13,21200522,0
G,13,21200523,0
G,13,21200524,0
G,13,21200525,0
G,13,21200526,0
G,13,21200527,0
G,13,21200528,0
G,13,21200529,0
G,13,21200530,0
G,13,21200531,1
G,13,21200601,2
G,13,21200602,1
G,13,21200603,4
G,13,21200604,12
G,13,21200605,26
G,13,21200606,26
G,13,21200607,3
G,13,21200608,12
G,13,21200609,12
G,13,21200610,34
G,13,21200611,37
G,13,21200612,60
G,13,21200613,40
G,13,21200614,45
G,13,21200615,46
G,13,21200616,48
G,13,21200617,54
G,13,21200618,32
G,13,21200619,34
G,13,21200620,44
G,13,21200621,30
G,13,21200622,35
G,13,21200623,42
G,13,21200624,30
G,13,21200625,34
G,13,21200626,41
G,13,21200627,25
G,13,21200628,11
G,13,21200629,21
G,14,21200501,0
G,14,21200502,0
G,14,21200503,0
G,14,21200504,0
G,14,21200505,0
G,14,21200506,0
G,14,21200507,0
G,14,21200508,0
G,14,21200509,0
G,14,21200510,0
G,14,21200511,0
G,14,21200512,0
G,14,21200513,0
G,14,21200514,0
G,14,21200515,0
G,14,21200516,0
G,14,21200517,0
G,14,21200518,0
G,14,21200519,0
G,14,21200520,0
G,14,21200521,0
G,14,21200522,0
G,14,21200523,0
G,14,21200524,0
G,14,21200525,0
G,14,21200526,0
G,14,21200527,0
G,14,21200528,0
G,14,21200529,0
G,14,21200530,0
G,14,21200531,0
G,14,21200601,3
G,14,21200602,2
G,14,21200603,4
G,14,21200604,5
G,14,21200605,15
G,14,21200606,18
G,14,21200607,19
G,14,21200608,18
G,14,21200609,12
G,14,21200610,10
G,14,21200611,25
G,14,21200612,29
G,14,21200613,32
G,14,21200614,31
G,14,21200615,32
G,14,21200616,35
G,14,21200617,47
G,14,21200618,30
G,14,21200619,37
G,14,21200620,34
G,14,21200621,30
G,14,21200622,27
G,14,21200623,46
G,14,21200624,29
G,14,21200625,31
G,14,21200626,33
G,14,21200627,38
G,14,21200628,43
G,14,21200629,23
G,15,21200501,0
G,15,21200502,0
G,15,21200503,0
G,15,21200504,0
G,15,21200505,0
G,15,21200506,0
G,15,21200507,0
G,15,21200508,0
G,15,21200509,0
G,15,21200510,0
G,15,21200511,0
G,15,21200512,0
G,15,21200513,0
G,15,21200514,0
G,15,21200515,0
G,15,21200516,0
G,15,21200517,0
G,15,21200518,0
G,15,21200519,0
G,15,21200520,0
G,15,21200521,0
G,15,21200522,0
G,15,21200523,0
G,15,21200524,0
G,15,21200525,0
G,15,21200526,0
G,15,21200527,0
G,15,21200528,2
G,15,21200529,0
G,15,21200530,0
G,15,21200531,7
G,15,21200601,7
G,15,21200602,4
G,15,21200603,18
G,15,21200604,23
G,15,21200605,26
G,15,21200606,53
G,15,21200607,67
G,15,21200608,42
G,15,21200609,42
G,15,21200610,45
G,15,21200611,54
G,15,21200612,68
G,15,21200613,67
G,15,21200614,92
G,15,21200615,70
G,15,21200616,48
G,15,21200617,48
G,15,21200618,38
G,15,21200619,44
G,15,21200620,33
G,15,21200621,33
G,15,21200622,24
G,15,21200623,31
G,15,21200624,31
G,15,21200625,28
G,15,21200626,26
G,15,21200627,23
G,15,21200628,10
G,15,21200629,11
G,16,21200501,0
G,16,21200502,0
G,16,21200503,0
G,16,21200504,0
G,16,21200505,0
G,16,21200506,0
G,16,21200507,0
G,16,21200508,0
G,16,21200509,0
G,16,21200510,0
G,16,21200511,0
G,16,21200512,0
G,16,21200513,0
G,16,21200514,0
G,16,21200515,0
G,16,21200516,0
G,16,21200517,0
G,16,21200518,0
G,16,21200519,0
G,16,21200520,0
G,16,21200521,0
G,16,21200522,0
G,16,21200523,0
G,16,21200524,0
G,16,21200525,0
G,16,21200526,0
G,16,21200527,0
G,16,21200528,0
G,16,21200529,1
G,16,21200530,2
G,16,21200531,3
G,16,21200601,2
G,16,21200602,9
G,16,21200603,25
G,16,21200604,54
G,16,21200605,45
G,16,21200606,28
G,16,21200607,12
G,16,21200608,18
G,16,21200609,26
G,16,21200610,18
G,16,21200611,37
G,16,21200612,37
G,16,21200613,51
G,16,21200614,27
G,16,21200615,30
G,16,21200616,34
G,16,21200617,34
G,16,21200618,36
G,16,21200619,45
G,16,21200620,43
G,16,21200621,31
G,16,21200622,32
G,16,21200623,27
G,16,21200624,21
G,16,21200625,24
G,16,21200626,30
G,16,21200627,15
G,16,21200628,9
G,16,21200629,23
G,17,21200501,0
G,17,21200502,0
G,17,21200503,0
G,17,21200504,0
G,17,21200505,0
G,17,21200506,0
G,17,21200507,0
G,17,21200508,0
G,17,21200509,0
G,17,21200510,0
G,17,21200511,0
G,17,21200512,0
G,17,21200513,0
G,17,21200514,0
G,17,21200515,0
G,17,21200516,0
G,17,21200517,0
G,17,21200518,3
G,17,21200519,0
G,17,21200520,0
G,17,21200521,0
G,17,21200522,0
G,17,21200523,1
G,17,21200524,0
G,17,21200525,1
G,17,21200526,2
G,17,21200527,5
G,17,21200528,0
G,17,21200529,12
G,17,21200530,2
G,17,21200531,16
G,17,21200601,37
G,17,21200602,114
G,17,21200603,117
G,17,21200604,94
G,17,21200605,59
G,17,21200606,70
G,17,21200607,82
G,17,21200608,95
G,17,21200609,109
G,17,21200610,133
G,17,21200611,98
G,17,21200612,139
G,17,21200613,141
G,17,21200614,108
G,17,21200615,137
G,17,21200616,173
G,17,21200617,192
G,17,21200618,171
G,17,21200619,208
G,17,21200620,169
G,17,21200621,173
G,17,21200622,220
G,17,21200623,192
G,17,21200624,215
G,17,21200625,208
G,17,21200626,199
G,17,21200627,184
G,17,21200628,188
G,17,21200629,171
G,18,21200501,0
G,18,21200502,0
G,18,21200503,0
G,18,21200504,0
G,18,21200505,0
G,18,21200506,0
G,18,21200507,0
G,18,21200508,0
G,18,21200509,0
G,18,21200510,0
G,18,21200511,0
G,18,21200512,0
G,18,21200513,0
G,18,21200514,0
G,18,21200515,0
G,18,21200516,0
G,18,21200517,0
G,18,21200518,0
G,18,21200519,0
G,18,21200520,0
G,18,21200521,0
G,18,21200522,0
G,18,21200523,0
G,18,21200524,0
G,18,21200525,0
G,18,21200526,0
G,18,21200527,0
G,18,21200528,0
G,18,21200529,0
G,18,21200530,0
G,18,21200531,0
G,18,21200601,0
G,18,21200602,2
G,18,21200603,7
G,18,21200604,31
G,18,21200605,28
G,18,21200606,17
G,18,21200607,15
G,18,21200608,18
G,18,21200609,18
G,18,21200610,28
G,18,21200611,32
G,18,21200612,42
G,18,21200613,75
G,18,21200614,53
G,18,21200615,63
G,18,21200616,71
G,18,21200617,42
G,18,21200618,34
G,18,21200619,41
G,18,21200620,56
G,18,21200621,53
G,18,21200622,52
G,18,21200623,48
G,18,21200624,71
G,18,21200625,59
G,18,21200626,45
G,18,21200627,46
G,18,21200628,22
G,18,21200629,23
G,19,21200501,0
G,19,21200502,0
G,19,21200503,0
G,19,21200504,0
G,19,21200505,0
G,19,21200506,0
G,19,21200507,0
G,19,21200508,0
G,19,21200509,0
G,19,21200510,0
G,19,21200511,0
G,19,21200512,0
G,19,21200513,0
G,19,21200514,0
G,19,21200515,0
G,19,21200516,0
G,19,21200517,0
G,19,21200518,0
G,19,21200519,0
G,19,21200520,0
G,19,21200521,0
G,19,21200522,0
G,19,21200523,0
G,19,21200524,0
G,19,21200525,0
G,19,21200526,0
G,19,21200527,0
G,19,21200528,0
G,19,21200529,0
G,19,21200530,4
G,19,21200531,2
G,19,21200601,3
G,19,21200602,12
G,19,21200603,12
G,19,21200604,39
G,19,21200605,20
G,19,21200606,2
G,19,21200607,16
G,19,21200608,24
G,19,21200609,26
G,19,21200610,20
G,19,21200611,17
G,19,21200612,20
G,19,21200613,33
G,19,21200614,33
G,19,21200615,25
G,19,21200616,17
G,19,21200617,38
G,19,21200618,32
G,19,21200619,33
G,19,21200620,18
G,19,21200621,27
G,19,21200622,39
G,19,21200623,38
G,19,21200624,39
G,19,21200625,40
G,19,21200626,41
G,19,21200627,32
G,19,21200628,43
G,19,21200629,49
G,20,21200501,0
G,20,21200502,0
G,20,21200503,0
G,20,21200504,0
G,20,21200505,0
G,20,21200506,0
G,20,21200507,0
G,20,21200508,0
G,20,21200509,0
G,20,21200510,0
G,20,21200511,0
G,20,21200512,0
G,20,21200513,0
G,20,21200514,0
G,20,21200515,0
G,20,21200516,0
G,20,21200517,0
G,20,21200518,0
G,20,21200519,0
G,20,21200520,0
G,20,21200521,0
G,20,21200522,0
G,20,21200523,0
G,20,21200524,0
G,20,21200525,0
G,20,21200526,0
G,20,21200527,0
G,20,21200528,0
G,20,21200529,0
G,20,21200530,0
G,20,21200531,0
G,20,21200601,0
G,20,21200602,1
G,20,21200603,0
G,20,21200604,0
G,20,21200605,1
G,20,21200606,0
G,20,21200607,2
G,20,21200608,0
G,20,21200609,2
G,20,21200610,0
G,20,21200611,4
G,20,21200612,3
G,20,21200613,0
G,20,21200614,3
G,20,21200615,3
G,20,21200616,5
G,20,21200617,7
G,20,21200618,1
G,20,21200619,1
G,20,21200620,5
G,20,21200621,4
G,20,21200622,1
G,20,21200623,8
G,20,21200624,2
G,20,21200625,5
G,20,21200626,9
G,20,21200627,1
G,20,21200628,5
G,20,21200629,5
G,21,21200501,0
G,21,21200502,0
G,21,21200503,0
G,21,21200504,0
G,21,21200505,0
G,21,21200506,0
G,21,21200507,0
G,21,21200508,0
G,21,21200509,0
G,21,21200510,0
G,21,21200511,0
G,21,21200512,0
G,21,21200513,0
G,21,21200514,0
G,21,21200515,0
G,21,21200516,0
G,21,21200517,0
G,21,21200518,0
G,21,21200519,0
G,21,21200520,0
G,21,21200521,0
G,21,21200522,0
G,21,21200523,0
G,21,21200524,0
G,21,21200525,0
G,21,21200526,0
G,21,21200527,1
G,21,21200528,0
G,21,21200529,2
G,21,21200530,0
G,21,21200531,6
G,21,21200601,0
G,21,21200602,2
G,21,21200603,22
G,21,21200604,18
G,21,21200605,14
G,21,21200606,7
G,21,21200607,8
G,21,21200608,10
G,21,21200609,12
G,21,21200610,12
G,21,21200611,9
G,21,21200612,16
G,21,21200613,20
G,21,21200614,29
G,21,21200615,30
G,21,21200616,31
G,21,21200617,41
G,21,21200618,39
G,21,21200619,44
G,21,21200620,31
G,21,21200621,42
G,21,21200622,59
G,21,21200623,60
G,21,21200624,78
G,21,21200625,76
G,21,21200626,76
G,21,21200627,70
G,21,21200628,62
G,21,21200629,71
G,22,21200501,0
G,22,21200502,0
G,22,21200503,0
G,22,21200504,0
G,22,21200505,0
G,22,21200506,0
G,22,21200507,0
G,22,21200508,0
G,22,21200509,0
G,22,21200510,0
G,22,21200511,0
G,22,21200512,0
G,22,21200513,0
G,22,21200514,0
G,22,21200515,0
G,22,21200516,0
G,22,21200517,0
G,22,21200518,0
G,22,21200519,0
G,22,21200520,0
G,22,21200521,0
G,22,21200522,0
G,22,21200523,0
G,22,21200524,0
G,22,21200525,0
G,22,21200526,0
G,22,21200527,0
G,22,21200528,0
G,22,21200529,0
G,22,21200530,0
G,22,21200531,0
G,22,21200601,3
G,22,21200602,0
G,22,21200603,6
G,22,21200604,8
G,22,21200605,11
G,22,21200606,5
G,22,21200607,15
G,22,21200608,6
G,22,21200609,25
G,22,21200610,9
G,22,21200611,28
G,22,21200612,21
G,22,21200613,28
G,22,21200614,48
G,22,21200615,43
G,22,21200616,38
G,22,21200617,75
G,22,21200618,57
G,22,21200619,72
G,22,21200620,74
G,22,21200621,65
G,22,21200622,85
G,22,21200623,96
G,22,21200624,99
G,22,21200625,101
G,22,21200626,104
G,22,21200627,68
G,22,21200628,100
G,22,21200629,73
G,23,21200501,0
G,23,21200502,0
G,23,21200503,0
G,23,21200504,0
G,23,21200505,0
G,23,21200506,0
G,23,21200507,0
G,23,21200508,0
G,23,21200509,0
G,23,21200510,0
G,23,21200511,0
G,23,21200512,0
G,23,21200513,0
G,23,21200514,0
G,23,21200515,0
G,23,21200516,0
G,23,21200517,0
G,23,21200518,0
G,23,21200519,0
G,23,21200520,0
G,23,21200521,0
G,23,21200522,0
G,23,21200523,0
G,23,21200524,0
G,23,21200525,3
G,23,21200526,1
G,23,21200527,6
G,23,21200528,8
G,23,21200529,11
G,23,21200530,13
G,23,21200531,13
G,23,21200601,59
G,23,21200602,52
G,23,21200603,53
G,23,21200604,52
G,23,21200605,50
G,23,21200606,40
G,23,21200607,61
G,23,21200608,37
G,23,21200609,65
G,23,21200610,87
G,23,21200611,108
G,23,21200612,130
G,23,21200613,183
G,23,21200614,172
G,23,21200615,230
G,23,21200616,276
G,23,21200617,238
G,23,21200618,299
G,23,21200619,394
G,23,21200620,305
G,23,21200621,399
G,23,21200622,471
G,23,21200623,533
G,23,21200624,461
G,23,21200625,488
G,23,21200626,513
G,23,21200627,432
G,23,21200628,403
G,23,21200629,528
G,24,21200501,0
G,24,21200502,0
G,24,21200503,0
G,24,21200504,0
G,24,21200505,0
G,24,21200506,0
G,24,21200507,0
G,24,21200508,0
G,24,21200509,0
G,24,21200510,0
G,24,21200511,0
G,24,21200512,0
G,24,21200513,0
G,24,21200514,0
G,24,21200515,0
G,24,21200516,0
G,24,21200517,0
G,24,21200518,0
G,24,21200519,0
G,24,21200520,0
G,24,21200521,0
G,24,21200522,0
G,24,21200523,0
G,24,21200524,0
G,24,21200525,0
G,24,21200526,0
G,24,21200527,0
G,24,21200528,0
G,24,21200529,2
G,24,21200530,1
G,24,21200531,0
G,24,21200601,2
G,24,21200602,4
G,24,21200603,3
G,24,21200604,16
G,24,21200605,10
G,24,21200606,18
G,24,21200607,21
G,24,21200608,15
G,24,21200609,34
G,24,21200610,41
G,24,21200611,55
G,24,21200612,63
G,24,21200613,78
G,24,21200614,111
G,24,21200615,103
G,24,21200616,93
G,24,21200617,158
G,24,21200618,189
G,24,21200619,210
G,24,21200620,177
G,24,21200621,202
G,24,21200622,233
G,24,21200623,290
G,24,21200624,263
G,24,21200625,303
G,24,21200626,332
G,24,21200627,266
G,24,21200628,236
G,24,21200629,214
G,25,21200501,0
G,25,21200502,0
G,25,21200503,0
G,25,21200504,0
G,25,21200505,0
G,25,21200506,0
G,25,21200507,0
G,25,21200508,0
G,25,21200509,0
G,25,21200510,0
G,25,21200511,0
G,25,21200512,0
G,25,21200513,0
G,25,21200514,0
G,25,21200515,0
G,25,21200516,0
G,25,21200517,0
G,25,21200518,0
G,25,21200519,0
G,25,21200520,0
G,25,21200521,0
G,25,21200522,0
G,25,21200523,0
G,25,21200524,0
G,25,21200525,0
G,25,21200526,2
G,25,21200527,2
G,25,21200528,4
G,25,21200529,26
G,25,21200530,36
G,25,21200531,35
G,25,21200601,62
G,25,21200602,87
G,25,21200603,230
G,25,21200604,276
G,25,21200605,122
G,25,21200606,117
G,25,21200607,149
G,25,21200608,272
G,25,21200609,344
G,25,21200610,420
G,25,21200611,527
G,25,21200612,674
G,25,21200613,803
G,25,21200614,1033
G,25,21200615,1233
G,25,21200616,1397
G,25,21200617,1424
G,25,21200618,1453
G,25,21200619,1605
G,25,21200620,1303
G,25,21200621,1534
G,25,21200622,1666
G,25,21200623,1789
G,25,21200624,1735
G,25,21200625,1761
G,25,21200626,1799
G,25,21200627,1597
G,25,21200628,1382
G,25,21200629,1545
G,26,21200501,0
G,26,21200502,0
G,26,21200503,0
G,26,21200504,0
G,26,21200505,0
G,26,21200506,0
G,26,21200507,0
G,26,21200508,0
G,26,21200509,0
G,26,21200510,0
G,26,21200511,0
G,26,21200512,0
G,26,21200513,0
G,26,21200514,0
G,26,21200515,0
G,26,21200516,0
G,26,21200517,0
G,26,21200518,0
G,26,21200519,0
G,26,21200520,0
G,26,21200521,0
G,26,21200522,0
G,26,21200523,0
G,26,21200524,0
G,26,21200525,0
G,26,21200526,0
G,26,21200527,0
G,26,21200528,0
G,26,21200529,0
G,26,21200530,8
G,26,21200531,0
G,26,21200601,32
G,26,21200602,13
G,26,21200603,50
G,26,21200604,33
G,26,21200605,43
G,26,21200606,32
G,26,21200607,43
G,26,21200608,63
G,26,21200609,74
G,26,21200610,80
G,26,21200611,102
G,26,21200612,169
G,26,21200613,181
G,26,21200614,248
G,26,21200615,265
G,26,21200616,282
G,26,21200617,353
G,26,21200618,372
G,26,21200619,417
G,26,21200620,404
G,26,21200621,523
G,26,21200622,615
G,26,21200623,615
G,26,21200624,656
G,26,21200625,681
G,26,21200626,699
G,26,21200627,639
G,26,21200628,579
G,26,21200629,582
G,27,21200501,0
G,27,21200502,0
G,27,21200503,0
G,27,21200504,0
G,27,21200505,0
G,27,21200506,0
G,27,21200507,0
G,27,21200508,0
G,27,21200509,0
G,27,21200510,0
G,27,21200511,0
G,27,21200512,0
G,27,21200513,0
G,27,21200514,0
G,27,21200515,0
G,27,21200516,0
G,27,21200517,0
G,27,21200518,0
G,27,21200519,0
G,27,21200520,0
G,27,21200521,0
G,27,21200522,0
G,27,21200523,0
G,27,21200524,0
G,27,21200525,0
G,27,21200526,0
G,27,21200527,0
G,27,21200528,0
G,27,21200529,0
G,27,21200530,0
G,27,21200531,0
G,27,21200601,0
G,27,21200602,0
G,27,21200603,3
G,27,21200604,0
G,27,21200605,0
G,27,21200606,2
G,27,21200607,3
G,27,21200608,2
G,27,21200609,0
G,27,21200610,0
G,27,21200611,0
G,27,21200612,0
G,27,21200613,0
G,27,21200614,0
G,27,21200615,0
G,27,21200616,1
G,27,21200617,8
G,27,21200618,1
G,27,21200619,2
G,27,21200620,2
G,27,21200621,5
G,27,21200622,16
G,27,21200623,15
G,27,21200624,18
G,27,21200625,14
G,27,21200626,11
G,27,21200627,17
G,27,21200628,19
G,27,21200629,23
G,28,21200501,0
G,28,21200502,0
G,28,21200503,0
G,28,21200504,0
G,28,21200505,0
G,28,21200506,0
G,28,21200507,0
G,28,21200508,0
G,28,21200509,0
G,28,21200510,0
G,28,21200511,0
G,28,21200512,0
G,28,21200513,0
G,28,21200514,0
G,28,21200515,0
G,28,21200516,0
G,28,21200517,0
G,28,21200518,0
G,28,21200519,0
G,28,21200520,0
G,28,21200521,0
G,28,21200522,0
G,28,21200523,0
G,28,21200524,0
G,28,21200525,0
G,28,21200526,0
G,28,21200527,0
G,28,21200528,0
G,28,21200529,5
G,28,21200530,16
G,28,21200531,10
G,28,21200601,9
G,28,21200602,31
G,28,21200603,57
G,28,21200604,52
G,28,21200605,24
G,28,21200606,38
G,28,21200607,49
G,28,21200608,93
G,28,21200609,116
G,28,21200610,113
G,28,21200611,169
G,28,21200612,182
G,28,21200613,277
G,28,21200614,274
G,28,21200615,336
G,28,21200616,419
G,28,21200617,452
G,28,21200618,516
G,28,21200619,467
G,28,21200620,502
G,28,21200621,492
G,28,21200622,504
G,28,21200623,563
G,28,21200624,568
G,28,21200625,568
G,28,21200626,570
G,28,21200627,504
G,28,21200628,442
G,28,21200629,469
G,29,21200501,0
G,29,21200502,0
G,29,21200503,0
G,29,21200504,0
G,29,21200505,0
G,29,21200506,0
G,29,21200507,0
G,29,21200508,0
G,29,21200509,0
G,29,21200510,0
G,29,21200511,0
G,29,21200512,0
G,29,21200513,0
G,29,21200514,0
G,29,21200515,0
G,29,21200516,0
G,29,21200517,0
G,29,21200518,0
G,29,21200519,0
G,29,21200520,0
G,29,21200521,0
G,29,21200522,0
G,29,21200523,0
G,29,21200524,0
G,29,21200525,0
G,29,21200526,0
G,29,21200527,0
G,29,21200528,0
G,29,21200529,0
G,29,21200530,0
G,29,21200531,0
G,29,21200601,0
G,29,21200602,0
G,29,21200603,0
G,29,21200604,8
G,29,21200605,15
G,29,21200606,11
G,29,21200607,14
G,29,21200608,14
G,29,21200609,43
G,29,21200610,16
G,29,21200611,44
G,29,21200612,46
G,29,21200613,107
G,29,21200614,65
G,29,21200615,87
G,29,21200616,105
G,29,21200617,150
G,29,21200618,159
G,29,21200619,163
G,29,21200620,121
G,29,21200621,140
G,29,21200622,164
G,29,21200623,184
G,29,21200624,180
G,29,21200625,169
G,29,21200626,157
G,29,21200627,140
G,29,21200628,137
G,29,21200629,139
G,30,21200501,0
G,30,21200502,0
G,30,21200503,0
G,30,21200504,0
G,30,21200505,0
G,30,21200506,0
G,30,21200507,0
G,30,21200508,0
G,30,21200509,0
G,30,21200510,0
G,30,21200511,0
G,30,21200512,0
G,30,21200513,0
G,30,21200514,0
G,30,21200515,0
G,30,21200516,0
G,30,21200517,0
G,30,21200518,0
G,30,21200519,0
G,30,21200520,0
G,30,21200521,0
G,30,21200522,0
G,30,21200523,0
G,30,21200524,0
G,30,21200525,1
G,30,21200526,0
G,30,21200527,0
G,30,21200528,4
G,30,21200529,9
G,30,21200530,27
G,30,21200531,36
G,30,21200601,46
G,30,21200602,57
G,30,21200603,65
G,30,21200604,114
G,30,21200605,42
G,30,21200606,29
G,30,21200607,40
G,30,21200608,65
G,30,21200609,93
G,30,21200610,78
G,30,21200611,103
G,30,21200612,96
G,30,21200613,119
G,30,21200614,170
G,30,21200615,175
G,30,21200616,183
G,30,21200617,242
G,30,21200618,170
G,30,21200619,199
G,30,21200620,213
G,30,21200621,305
G,30,21200622,270
G,30,21200623,326
G,30,21200624,399
G,30,21200625,352
G,30,21200626,302
G,30,21200627,248
G,30,21200628,267
G,30,21200629,329
G,31,21200501,0
G,31,21200502,0
G,31,21200503,0
G,31,21200504,0
G,31,21200505,0
G,31,21200506,0
G,31,21200507,0
G,31,21200508,0
G,31,21200509,0
G,31,21200510,0
G,31,21200511,0
G,31,21200512,0
G,31,21200513,0
G,31,21200514,0
G,31,21200515,0
G,31,21200516,0
G,31,21200517,0
G,31,21200518,0
G,31,21200519,0
G,31,21200520,0
G,31,21200521,0
G,31,21200522,0
G,31,21200523,0
G,31,21200524,0
G,31,21200525,0
G,31,21200526,0
G,31,21200527,0
G,31,21200528,0
G,31,21200529,0
G,31,21200530,0
G,31,21200531,0
G,31,21200601,0
G,31,21200602,2
G,31,21200603,1
G,31,21200604,0
G,31,21200605,3
G,31,21200606,3
G,31,21200607,4
G,31,21200608,6
G,31,21200609,13
G,31,21200610,13
G,31,21200611,19
G,31,21200612,9
G,31,21200613,29
G,31,21200614,32
G,31,21200615,29
G,31,21200616,28
G,31,21200617,74
G,31,21200618,71
G,31,21200619,79
G,31,21200620,73
G,31,21200621,89
G,31,21200622,103
G,31,21200623,136
G,31,21200624,126
G,31,21200625,136
G,31,21200626,146
G,31,21200627,110
G,31,21200628,103
G,31,21200629,141
G,32,21200501,0
G,32,21200502,0
G,32,21200503,0
G,32,21200504,0
G,32,21200505,0
G,32,21200506,0
G,32,21200507,0
G,32,21200508,0
G,32,21200509,0
G,32,21200510,0
G,32,21200511,0
G,32,21200512,0
G,32,21200513,0
G,32,21200514,0
G,32,21200515,0
G,32,21200516,0
G,32,21200517,0
G,32,21200518,0
G,32,21200519,0
G,32,21200520,0
G,32,21200521,0
G,32,21200522,0
G,32,21200523,0
G,32,21200524,0
G,32,21200525,0
G,32,21200526,0
G,32,21200527,0
G,32,21200528,0
G,32,21200529,0
G,32,21200530,0
G,32,21200531,3
G,32,21200601,0
G,32,21200602,1
G,32,21200603,1
G,32,21200604,12
G,32,21200605,22
G,32,21200606,5
G,32,21200607,11
G,32,21200608,21
G,32,21200609,32
G,32,21200610,20
G,32,21200611,21
G,32,21200612,29
G,32,21200613,37
G,32,21200614,52
G,32,21200615,46
G,32,21200616,43
G,32,21200617,40
G,32,21200618,34
G,32,21200619,62
G,32,21200620,49
G,32,21200621,61
G,32,21200622,45
G,32,21200623,48
G,32,21200624,70
G,32,21200625,63
G,32,21200626,58
G,32,21200627,64
G,32,21200628,52
G,32,21200629,38
G,33,21200501,0
G,33,21200502,0
G,33,21200503,0
G,33,21200504,0
G,33,21200505,0
G,33,21200506,0
G,33,21200507,0
G,33,21200508,0
G,33,21200509,0
G,33,21200510,0
G,33,21200511,0
G,33,21200512,0
G,33,21200513,0
G,33,21200514,0
G,33,21200515,0
G,33,21200516,0
G,33,21200517,0
G,33,21200518,0
G,33,21200519,0
G,33,21200520,0
G,33,21200521,0
G,33,21200522,0
G,33,21200523,0
G,33,21200524,0
G,33,21200525,0
G,33,21200526,0
G,33,21200527,0
G,33,21200528,0
G,33,21200529,0
G,33,21200530,0
G,33,21200531,3
G,33,21200601,0
G,33,21200602,2
G,33,21200603,4
G,33,21200604,36
G,33,21200605,34
G,33,21200606,8
G,33,21200607,12
G,33,21200608,22
G,33,21200609,28
G,33,21200610,41
G,33,21200611,31
G,33,21200612,31
G,33,21200613,47
G,33,21200614,50
G,33,21200615,47
G,33,21200616,46
G,33,21200617,82
G,33,21200618,61
G,33,21200619,60
G,33,21200620,59
G,33,21200621,81
G,33,21200622,98
G,33,21200623,91
G,33,21200624,63
G,33,21200625,77
G,33,21200626,97
G,33,21200627,86
G,33,21200628,95
G,33,21200629,54
G,34,21200501,0
G,34,21200502,0
G,34,21200503,0
G,34,21200504,0
G,34,21200505,0
G,34,21200506,0
G,34,21200507,0
G,34,21200508,0
G,34,21200509,0
G,34,21200510,0
G,34,21200511,0
G,34,21200512,0
G,34,21200513,0
G,34,21200514,0
G,34,21200515,0
G,34,21200516,0
G,34,21200517,0
G,34,21200518,0
G,34,21200519,0
G,34,21200520,0
G,34,21200521,0
G,34,21200522,0
G,34,21200523,0
G,34,21200524,0
G,34,21200525,0
G,34,21200526,0
G,34,21200527,0
G,34,21200528,0
G,34,21200529,0
G,34,21200530,3
G,34,21200531,1
G,34,21200601,4
G,34,21200602,9
G,34,21200603,14
G,34,21200604,26
G,34,21200605,28
G,34,21200606,35
G,34,21200607,53
G,34,21200608,71
G,34,21200609,94
G,34,21200610,109
G,34,21200611,127
G,34,21200612,187
G,34,21200613,192
G,34,21200614,193
G,34,21200615,299
G,34,21200616,420
G,34,21200617,383
G,34,21200618,404
G,34,21200619,376
G,34,21200620,311
G,34,21200621,414
G,34,21200622,400
G,34,21200623,432
G,34,21200624,444
G,34,21200625,430
G,34,21200626,418
G,34,21200627,406
G,34,21200628,293
G,34,21200629,277
G,35,21200501,0
G,35,21200502,0
G,35,21200503,0
G,35,21200504,0
G,35,21200505,0
G,35,21200506,0
G,35,21200507,0
G,35,21200508,0
G,35,21200509,0
G,35,21200510,0
G,35,21200511,0
G,35,21200512,0
G,35,21200513,0
G,35,21200514,0
G,35,21200515,0
G,35,21200516,0
G,35,21200517,0
G,35,21200518,0
G,35,21200519,0
G,35,21200520,0
G,35,21200521,0
G,35,21200522,0
G,35,21200523,0
G,35,21200524,0
G,35,21200525,0
G,35,21200526,0
G,35,21200527,1
G,35,21200528,5
G,35,21200529,6
G,35,21200530,45
G,35,21200531,56
G,35,21200601,89
G,35,21200602,233
G,35,21200603,347
G,35,21200604,534
G,35,21200605,138
G,35,21200606,111
G,35,21200607,167
G,35,21200608,197
G,35,21200609,269
G,35,21200610,305
G,35,21200611,275
G,35,21200612,351
G,35,21200613,400
G,35,21200614,390
G,35,21200615,439
G,35,21200616,511
G,35,21200617,569
G,35,21200618,499
G,35,21200619,631
G,35,21200620,538
G,35,21200621,561
G,35,21200622,626
G,35,21200623,560
G,35,21200624,660
G,35,21200625,663
G,35,21200626,667
G,35,21200627,511
G,35,21200628,538
G,35,21200629,524
G,36,21200501,0
G,36,21200502,0
G,36,21200503,0
G,36,21200504,0
G,36,21200505,0
G,36,21200506,0
G,36,21200507,0
G,36,21200508,0
G,36,21200509,0
G,36,21200510,0
G,36,21200511,0
G,36,21200512,0
G,36,21200513,0
G,36,21200514,0
G,36,21200515,0
G,36,21200516,0
G,36,21200517,0
G,36,21200518,0
G,36,21200519,0
G,36,21200520,0
G,36,21200521,0
G,36,21200522,0
G,36,21200523,0
G,36,21200524,0
G,36,21200525,0
G,36,21200526,0
G,36,21200527,0
G,36,21200528,0
G,36,21200529,0
G,36,21200530,0
G,36,21200531,0
G,36,21200601,0
G,36,21200602,3
G,36,21200603,2
G,36,21200604,2
G,36,21200605,4
G,36,21200606,1
G,36,21200607,4
G,36,21200608,4
G,36,21200609,3
G,36,21200610,5
G,36,21200611,9
G,36,21200612,8
G,36,21200613,14
G,36,21200614,2
G,36,21200615,8
G,36,21200616,15
G,36,21200617,16
G,36,21200618,10
G,36,21200619,12
G,36,21200620,17
G,36,21200621,9
G,36,21200622,26
G,36,21200623,15
G,36,21200624,14
G,36,21200625,14
G,36,21200626,16
G,36,21200627,22
G,36,21200628,22
G,36,21200629,14
G,37,21200501,0
G,37,21200502,0
G,37,21200503,0
G,37,21200504,0
G,37,21200505,0
G,37,21200506,0
G,37,21200507,0
G,37,21200508,0
G,37,21200509,0
G,37,21200510,0
G,37,21200511,0
G,37,21200512,0
G,37,21200513,0
G,37,21200514,0
G,37,21200515,0
G,37,21200516,0
G,37,21200517,0
G,37,21200518,0
G,37,21200519,0
G,37,21200520,0
G,37,21200521,0
G,37,21200522,0
G,37,21200523,0
G,37,21200524,0
G,37,21200525,0
G,37,21200526,0
G,37,21200527,0
G,37,21200528,0
G,37,21200529,0
G,37,21200530,0
G,37,21200531,2
G,37,21200601,15
G,37,21200602,19
G,37,21200603,16
G,37,21200604,31
G,37,21200605,37
G,37,21200606,21
G,37,21200607,35
G,37,21200608,26
G,37,21200609,33
G,37,21200610,27
G,37,21200611,39
G,37,21200612,66
G,37,21200613,56
G,37,21200614,96
G,37,21200615,88
G,37,21200616,83
G,37,21200617,99
G,37,21200618,109
G,37,21200619,142
G,37,21200620,155
G,37,21200621,143
G,37,21200622,167
G,37,21200623,192
G,37,21200624,209
G,37,21200625,207
G,37,21200626,205
G,37,21200627,186
G,37,21200628,153
G,37,21200629,201
