D,0,21200501,0
D,0,21200502,0
D,0,21200503,0
D,0,21200504,0
D,0,21200505,0
D,0,21200506,0
D,0,21200507,0
D,0,21200508,0
D,0,21200509,0
D,0,21200510,0
D,0,21200511,0
D,0,21200512,0
D,0,21200513,0
D,0,21200514,0
D,0,21200515,0
D,0,21200516,0
D,0,21200517,0
D,0,21200518,0
D,0,21200519,0
D,0,21200520,0
D,0,21200521,0
D,0,21200522,0
D,0,21200523,0
D,0,21200524,0
D,0,21200525,0
D,0,21200526,0
D,0,21200527,0
D,0,21200528,0
D,0,21200529,0
D,0,21200530,0
D,0,21200531,7
D,0,21200601,3
D,0,21200602,2
D,0,21200603,21
D,0,21200604,19
D,0,21200605,37
D,0,21200606,65
D,0,21200607,59
D,0,21200608,60
D,0,21200609,94
D,0,21200610,131
D,0,21200611,154
D,0,21200612,205
D,0,21200613,313
D,0,21200614,363
D,0,21200615,403
D,0,21200616,436
D,0,21200617,511
D,0,21200618,490
D,0,21200619,436
D,0,21200620,401
D,0,21200621,370
D,0,21200622,463
D,0,21200623,424
D,0,21200624,440
D,0,21200625,438
D,0,21200626,437
D,0,21200627,363
D,0,21200628,245
D,0,21200629,304
D,1,21200501,0
D,1,21200502,0
D,1,21200503,0
D,1,21200504,0
D,1,21200505,0
D,1,21200506,0
D,1,21200507,0
D,1,21200508,0
D,1,21200509,0
D,1,21200510,0
D,1,21200511,0
D,1,21200512,0
D,1,21200513,0
D,1,21200514,0
D,1,21200515,0
D,1,21200516,0
D,1,21200517,0
D,1,21200518,0
D,1,21200519,0
D,1,21200520,0
D,1,21200521,0
D,1,21200522,0
D,1,21200523,0
D,1,21200524,0
D,1,21200525,0
D,1,21200526,0
D,1,21200527,0
D,1,21200528,1
D,1,21200529,1
D,1,21200530,3
D,1,21200531,0
D,1,21200601,1
D,1,21200602,3
D,1,21200603,10
D,1,21200604,21
D,1,21200605,27
D,1,21200606,42
D,1,21200607,78
D,1,21200608,67
D,1,21200609,114
D,1,21200610,145
D,1,21200611,203
D,1,21200612,247
D,1,21200613,320
D,1,21200614,294
D,1,21200615,388
D,1,21200616,490
D,1,21200617,419
D,1,21200618,341
D,1,21200619,405
D,1,21200620,378
D,1,21200621,354
D,1,21200622,388
D,1,21200623,323
D,1,21200624,328
D,1,21200625,338
D,1,21200626,348
D,1,21200627,306
D,1,21200628,231
D,1,21200629,249
D,2,21200501,0
D,2,21200502,0
D,2,21200503,0
D,2,21200504,0
D,2,21200505,0
D,2,21200506,0
D,2,21200507,0
D,2,21200508,0
D,2,21200509,0
D,2,21200510,0
D,2,21200511,0
D,2,21200512,0
D,2,21200513,0
D,2,21200514,0
D,2,21200515,0
D,2,21200516,0
D,2,21200517,0
D,2,21200518,0
D,2,21200519,0
D,2,21200520,0
D,2,21200521,0
D,2,21200522,0
D,2,21200523,0
D,2,21200524,0
D,2,21200525,0
D,2,21200526,0
D,2,21200527,0
D,2,21200528,0
D,2,21200529,0
D,2,21200530,1
D,2,21200531,5
D,2,21200601,0
D,2,21200602,1
D,2,21200603,8
D,2,21200604,13
D,2,21200605,25
D,2,21200606,11
D,2,21200607,22
D,2,21200608,20
D,2,21200609,39
D,2,21200610,29
D,2,21200611,43
D,2,21200612,57
D,2,21200613,93
D,2,21200614,93
D,2,21200615,103
D,2,21200616,114
D,2,21200617,168
D,2,21200618,131
D,2,21200619,157
D,2,21200620,179
D,2,21200621,159
D,2,21200622,212
D,2,21200623,248
D,2,21200624,237
D,2,21200625,240
D,2,21200626,245
D,2,21200627,236
D,2,21200628,203
D,2,21200629,176
D,3,21200501,0
D,3,21200502,0
D,3,21200503,0
D,3,21200504,0
D,3,21200505,0
D,3,21200506,0
D,3,21200507,0
D,3,21200508,0
D,3,21200509,0
D,3,21200510,0
D,3,21200511,0
D,3,21200512,0
D,3,21200513,0
D,3,21200514,0
D,3,21200515,0
D,3,21200516,0
D,3,21200517,0
D,3,21200518,0
D,3,21200519,0
D,3,21200520,0
D,3,21200521,0
D,3,21200522,0
D,3,21200523,0
D,3,21200524,0
D,3,21200525,0
D,3,21200526,0
D,3,21200527,0
D,3,21200528,0
D,3,21200529,0
D,3,21200530,0
D,3,21200531,0
D,3,21200601,0
D,3,21200602,1
D,3,21200603,1
D,3,21200604,17
D,3,21200605,10
D,3,21200606,14
D,3,21200607,11
D,3,21200608,8
D,3,21200609,9
D,3,21200610,20
D,3,21200611,29
D,3,21200612,42
D,3,21200613,37
D,3,21200614,56
D,3,21200615,56
D,3,21200616,57
D,3,21200617,49
D,3,21200618,54
D,3,21200619,66
D,3,21200620,107
D,3,21200621,101
D,3,21200622,132
D,3,21200623,107
D,3,21200624,122
D,3,21200625,125
D,3,21200626,130
D,3,21200627,119
D,3,21200628,119
D,3,21200629,123
D,4,21200501,0
D,4,21200502,0
D,4,21200503,0
D,4,21200504,0
D,4,21200505,0
D,4,21200506,0
D,4,21200507,0
D,4,21200508,0
D,4,21200509,0
D,4,21200510,0
D,4,21200511,0
D,4,21200512,0
D,4,21200513,0
D,4,21200514,0
D,4,21200515,0
D,4,21200516,0
D,4,21200517,0
D,4,21200518,0
D,4,21200519,0
D,4,21200520,0
D,4,21200521,0
D,4,21200522,0
D,4,21200523,0
D,4,21200524,0
D,4,21200525,0
D,4,21200526,0
D,4,21200527,0
D,4,21200528,0
D,4,21200529,0
D,4,21200530,0
D,4,21200531,0
D,4,21200601,0
D,4,21200602,2
D,4,21200603,0
D,4,21200604,0
D,4,21200605,0
D,4,21200606,4
D,4,21200607,3
D,4,21200608,3
D,4,21200609,5
D,4,21200610,2
D,4,21200611,4
D,4,21200612,6
D,4,21200613,9
D,4,21200614,9
D,4,21200615,7
D,4,21200616,6
D,4,21200617,20
D,4,21200618,18
D,4,21200619,35
D,4,21200620,29
D,4,21200621,24
D,4,21200622,37
D,4,21200623,49
D,4,21200624,67
D,4,21200625,80
D,4,21200626,91
D,4,21200627,78
D,4,21200628,55
D,4,21200629,73
D,5,21200501,0
D,5,21200502,0
D,5,21200503,0
D,5,21200504,0
D,5,21200505,0
D,5,21200506,0
D,5,21200507,0
D,5,21200508,0
D,5,21200509,0
D,5,21200510,0
D,5,21200511,0
D,5,21200512,0
D,5,21200513,0
D,5,21200514,0
D,5,21200515,0
D,5,21200516,0
D,5,21200517,0
D,5,21200518,0
D,5,21200519,0
D,5,21200520,0
D,5,21200521,0
D,5,21200522,0
D,5,21200523,0
D,5,21200524,0
D,5,21200525,0
D,5,21200526,0
D,5,21200527,0
D,5,21200528,0
D,5,21200529,0
D,5,21200530,0
D,5,21200531,0
D,5,21200601,0
D,5,21200602,0
D,5,21200603,1
D,5,21200604,0
D,5,21200605,2
D,5,21200606,3
D,5,21200607,7
D,5,21200608,10
D,5,21200609,15
D,5,21200610,17
D,5,21200611,21
D,5,21200612,28
D,5,21200613,33
D,5,21200614,64
D,5,21200615,65
D,5,21200616,67
D,5,21200617,89
D,5,21200618,84
D,5,21200619,126
D,5,21200620,117
D,5,21200621,84
D,5,21200622,148
D,5,21200623,128
D,5,21200624,136
D,5,21200625,140
D,5,21200626,146
D,5,21200627,141
D,5,21200628,93
D,5,21200629,129
D,6,21200501,0
D,6,21200502,0
D,6,21200503,0
D,6,21200504,0
D,6,21200505,0
D,6,21200506,0
D,6,21200507,0
D,6,21200508,0
D,6,21200509,0
D,6,21200510,0
D,6,21200511,0
D,6,21200512,0
D,6,21200513,0
D,6,21200514,0
D,6,21200515,0
D,6,21200516,0
D,6,21200517,0
D,6,21200518,0
D,6,21200519,0
D,6,21200520,0
D,6,21200521,0
D,6,21200522,0
D,6,21200523,0
D,6,21200524,0
D,6,21200525,0
D,6,21200526,0
D,6,21200527,0
D,6,21200528,0
D,6,21200529,0
D,6,21200530,0
D,6,21200531,0
D,6,21200601,0
D,6,21200602,1
D,6,21200603,3
D,6,21200604,5
D,6,21200605,2
D,6,21200606,5
D,6,21200607,7
D,6,21200608,10
D,6,21200609,23
D,6,21200610,4
D,6,21200611,13
D,6,21200612,12
D,6,21200613,6
D,6,21200614,14
D,6,21200615,17
D,6,21200616,21
D,6,21200617,31
D,6,21200618,21
D,6,21200619,30
D,6,21200620,15
D,6,21200621,37
D,6,21200622,37
D,6,21200623,39
D,6,21200624,38
D,6,21200625,45
D,6,21200626,51
D,6,21200627,43
D,6,21200628,35
D,6,21200629,48
D,7,21200501,0
D,7,21200502,0
D,7,21200503,0
D,7,21200504,0
D,7,21200505,0
D,7,21200506,0
D,7,21200507,0
D,7,21200508,0
D,7,21200509,0
D,7,21200510,0
D,7,21200511,0
D,7,21200512,0
D,7,21200513,0
D,7,21200514,0
D,7,21200515,0
D,7,21200516,0
D,7,21200517,0
D,7,21200518,0
D,7,21200519,0
D,7,21200520,0
D,7,21200521,0
D,7,21200522,0
D,7,21200523,0
D,7,21200524,0
D,7,21200525,0
D,7,21200526,0
D,7,21200527,0
D,7,21200528,0
D,7,21200529,0
D,7,21200530,0
D,7,21200531,0
D,7,21200601,0
D,7,21200602,5
D,7,21200603,0
D,7,21200604,4
D,7,21200605,3
D,7,21200606,6
D,7,21200607,4
D,7,21200608,1
D,7,21200609,18
D,7,21200610,19
D,7,21200611,14
D,7,21200612,9
D,7,21200613,14
D,7,21200614,23
D,7,21200615,28
D,7,21200616,35
D,7,21200617,29
D,7,21200618,33
D,7,21200619,18
D,7,21200620,33
D,7,21200621,68
D,7,21200622,25
D,7,21200623,48
D,7,21200624,49
D,7,21200625,52
D,7,21200626,57
D,7,21200627,121
D,7,21200628,82
D,7,21200629,20
D,8,21200501,0
D,8,21200502,0
D,8,21200503,0
D,8,21200504,0
D,8,21200505,0
D,8,21200506,0
D,8,21200507,0
D,8,21200508,0
D,8,21200509,0
D,8,21200510,0
D,8,21200511,0
D,8,21200512,0
D,8,21200513,0
D,8,21200514,0
D,8,21200515,0
D,8,21200516,0
D,8,21200517,0
D,8,21200518,0
D,8,21200519,0
D,8,21200520,0
D,8,21200521,0
D,8,21200522,0
D,8,21200523,0
D,8,21200524,0
D,8,21200525,0
D,8,21200526,0
D,8,21200527,0
D,8,21200528,0
D,8,21200529,0
D,8,21200530,0
D,8,21200531,8
D,8,21200601,2
D,8,21200602,3
D,8,21200603,14
D,8,21200604,32
D,8,21200605,30
D,8,21200606,27
D,8,21200607,50
D,8,21200608,105
D,8,21200609,140
D,8,21200610,150
D,8,21200611,204
D,8,21200612,265
D,8,21200613,278
D,8,21200614,443
D,8,21200615,477
D,8,21200616,513
D,8,21200617,534
D,8,21200618,503
D,8,21200619,535
D,8,21200620,543
D,8,21200621,526
D,8,21200622,615
D,8,21200623,579
D,8,21200624,699
D,8,21200625,687
D,8,21200626,676
D,8,21200627,605
D,8,21200628,470
D,8,21200629,437
D,9,21200501,0
D,9,21200502,0
D,9,21200503,0
D,9,21200504,0
D,9,21200505,0
D,9,21200506,0
D,9,21200507,0
D,9,21200508,0
D,9,21200509,0
D,9,21200510,0
D,9,21200511,0
D,9,21200512,0
D,9,21200513,0
D,9,21200514,0
D,9,21200515,0
D,9,21200516,0
D,9,21200517,0
D,9,21200518,0
D,9,21200519,0
D,9,21200520,0
D,9,21200521,0
D,9,21200522,0
D,9,21200523,0
D,9,21200524,0
D,9,21200525,0
D,9,21200526,0
D,9,21200527,0
D,9,21200528,0
D,9,21200529,0
D,9,21200530,0
D,9,21200531,1
D,9,21200601,3
D,9,21200602,3
D,9,21200603,11
D,9,21200604,5
D,9,21200605,7
D,9,21200606,13
D,9,21200607,18
D,9,21200608,19
D,9,21200609,21
D,9,21200610,30
D,9,21200611,11
D,9,21200612,42
D,9,21200613,47
D,9,21200614,36
D,9,21200615,38
D,9,21200616,42
D,9,21200617,61
D,9,21200618,70
D,9,21200619,73
D,9,21200620,101
D,9,21200621,122
D,9,21200622,117
D,9,21200623,127
D,9,21200624,144
D,9,21200625,131
D,9,21200626,119
D,9,21200627,116
D,9,21200628,116
D,9,21200629,83
D,10,21200501,0
D,10,21200502,0
D,10,21200503,0
D,10,21200504,0
D,10,21200505,0
D,10,21200506,0
D,10,21200507,0
D,10,21200508,0
D,10,21200509,0
D,10,21200510,0
D,10,21200511,0
D,10,21200512,0
D,10,21200513,0
D,10,21200514,0
D,10,21200515,0
D,10,21200516,0
D,10,21200517,0
D,10,21200518,0
D,10,21200519,0
D,10,21200520,0
D,10,21200521,0
D,10,21200522,0
D,10,21200523,0
D,10,21200524,0
D,10,21200525,0
D,10,21200526,0
D,10,21200527,0
D,10,21200528,0
D,10,21200529,0
D,10,21200530,0
D,10,21200531,0
D,10,21200601,2
D,10,21200602,1
D,10,21200603,0
D,10,21200604,5
D,10,21200605,8
D,10,21200606,6
D,10,21200607,19
D,10,21200608,28
D,10,21200609,29
D,10,21200610,52
D,10,21200611,47
D,10,21200612,58
D,10,21200613,60
D,10,21200614,98
D,10,21200615,99
D,10,21200616,101
D,10,21200617,108
D,10,21200618,110
D,10,21200619,186
D,10,21200620,120
D,10,21200621,124
D,10,21200622,119
D,10,21200623,104
D,10,21200624,112
D,10,21200625,138
D,10,21200626,157
D,10,21200627,102
D,10,21200628,84
D,10,21200629,68
D,11,21200501,0
D,11,21200502,0
D,11,21200503,0
D,11,21200504,0
D,11,21200505,0
D,11,21200506,0
D,11,21200507,0
D,11,21200508,0
D,11,21200509,0
D,11,21200510,0
D,11,21200511,0
D,11,21200512,0
D,11,21200513,0
D,11,21200514,0
D,11,21200515,0
D,11,21200516,0
D,11,21200517,0
D,11,21200518,0
D,11,21200519,0
D,11,21200520,5
D,11,21200521,0
D,11,21200522,1
D,11,21200523,1
D,11,21200524,7
D,11,21200525,23
D,11,21200526,21
D,11,21200527,24
D,11,21200528,48
D,11,21200529,87
D,11,21200530,138
D,11,21200531,208
D,11,21200601,218
D,11,21200602,467
D,11,21200603,613
D,11,21200604,650
D,11,21200605,356
D,11,21200606,412
D,11,21200607,631
D,11,21200608,967
D,11,21200609,1104
D,11,21200610,1307
D,11,21200611,1415
D,11,21200612,1958
D,11,21200613,2444
D,11,21200614,2666
D,11,21200615,2895
D,11,21200616,3144
D,11,21200617,3473
D,11,21200618,2914
D,11,21200619,2890
D,11,21200620,2592
D,11,21200621,2731
D,11,21200622,3085
D,11,21200623,3055
D,11,21200624,3144
D,11,21200625,3152
D,11,21200626,3161
D,11,21200627,2665
D,11,21200628,2228
D,11,21200629,2440
D,12,21200501,0
D,12,21200502,0
D,12,21200503,0
D,12,21200504,0
D,12,21200505,0
D,12,21200506,0
D,12,21200507,0
D,12,21200508,0
D,12,21200509,0
D,12,21200510,0
D,12,21200511,0
D,12,21200512,0
D,12,21200513,0
D,12,21200514,0
D,12,21200515,0
D,12,21200516,0
D,12,21200517,0
D,12,21200518,0
D,12,21200519,0
D,12,21200520,0
D,12,21200521,0
D,12,21200522,0
D,12,21200523,0
D,12,21200524,0
D,12,21200525,1
D,12,21200526,3
D,12,21200527,1
D,12,21200528,4
D,12,21200529,0
D,12,21200530,23
D,12,21200531,8
D,12,21200601,42
D,12,21200602,70
D,12,21200603,48
D,12,21200604,81
D,12,21200605,90
D,12,21200606,102
D,12,21200607,141
D,12,21200608,246
D,12,21200609,233
D,12,21200610,272
D,12,21200611,375
D,12,21200612,570
D,12,21200613,689
D,12,21200614,792
D,12,21200615,868
D,12,21200616,948
D,12,21200617,1098
D,12,21200618,970
D,12,21200619,896
D,12,21200620,824
D,12,21200621,972
D,12,21200622,953
D,12,21200623,960
D,12,21200624,1051
D,12,21200625,1021
D,12,21200626,995
D,12,21200627,830
D,12,21200628,698
D,12,21200629,769
D,13,21200501,0
D,13,21200502,0
D,13,21200503,0
D,13,21200504,0
D,13,21200505,0
D,13,21200506,0
D,13,21200507,0
D,13,21200508,0
D,13,21200509,0
D,13,21200510,0
D,13,21200511,0
D,13,21200512,0
D,13,21200513,0
D,13,21200514,0
D,13,21200515,0
D,13,21200516,0
D,13,21200517,0
D,13,21200518,0
D,13,21200519,0
D,13,21200520,0
D,13,21200521,0
D,13,21200522,0
D,13,21200523,0
D,13,21200524,0
D,13,21200525,1
D,13,21200526,48
D,13,21200527,18
D,13,21200528,65
D,13,21200529,222
D,13,21200530,363
D,13,21200531,557
D,13,21200601,908
D,13,21200602,1884
D,13,21200603,2620
D,13,21200604,1642
D,13,21200605,272
D,13,21200606,226
D,13,21200607,380
D,13,21200608,500
D,13,21200609,323
D,13,21200610,409
D,13,21200611,372
D,13,21200612,504
D,13,21200613,496
D,13,21200614,375
D,13,21200615,437
D,13,21200616,495
D,13,21200617,470
D,13,21200618,397
D,13,21200619,505
D,13,21200620,368
D,13,21200621,352
D,13,21200622,526
D,13,21200623,480
D,13,21200624,568
D,13,21200625,564
D,13,21200626,560
D,13,21200627,361
D,13,21200628,323
D,13,21200629,692
D,14,21200501,0
D,14,21200502,0
D,14,21200503,0
D,14,21200504,0
D,14,21200505,0
D,14,21200506,0
D,14,21200507,0
D,14,21200508,0
D,14,21200509,0
D,14,21200510,0
D,14,21200511,0
D,14,21200512,0
D,14,21200513,0
D,14,21200514,0
D,14,21200515,0
D,14,21200516,0
D,14,21200517,0
D,14,21200518,0
D,14,21200519,0
D,14,21200520,0
D,14,21200521,0
D,14,21200522,0
D,14,21200523,0
D,14,21200524,0
D,14,21200525,0
D,14,21200526,0
D,14,21200527,0
D,14,21200528,2
D,14,21200529,0
D,14,21200530,10
D,14,21200531,5
D,14,21200601,16
D,14,21200602,13
D,14,21200603,50
D,14,21200604,53
D,14,21200605,74
D,14,21200606,103
D,14,21200607,123
D,14,21200608,194
D,14,21200609,240
D,14,21200610,321
D,14,21200611,358
D,14,21200612,417
D,14,21200613,599
D,14,21200614,724
D,14,21200615,871
D,14,21200616,1002
D,14,21200617,1074
D,14,21200618,1079
D,14,21200619,1069
D,14,21200620,923
D,14,21200621,1029
D,14,21200622,1284
D,14,21200623,1188
D,14,21200624,1287
D,14,21200625,1284
D,14,21200626,1282
D,14,21200627,1122
D,14,21200628,981
D,14,21200629,979
D,15,21200501,0
D,15,21200502,0
D,15,21200503,0
D,15,21200504,0
D,15,21200505,0
D,15,21200506,0
D,15,21200507,0
D,15,21200508,0
D,15,21200509,0
D,15,21200510,0
D,15,21200511,0
D,15,21200512,0
D,15,21200513,0
D,15,21200514,0
D,15,21200515,0
D,15,21200516,0
D,15,21200517,0
D,15,21200518,0
D,15,21200519,0
D,15,21200520,0
D,15,21200521,0
D,15,21200522,0
D,15,21200523,0
D,15,21200524,0
D,15,21200525,0
D,15,21200526,0
D,15,21200527,0
D,15,21200528,0
D,15,21200529,0
D,15,21200530,0
D,15,21200531,12
D,15,21200601,17
D,15,21200602,19
D,15,21200603,11
D,15,21200604,19
D,15,21200605,30
D,15,21200606,32
D,15,21200607,24
D,15,21200608,48
D,15,21200609,80
D,15,21200610,91
D,15,21200611,95
D,15,21200612,143
D,15,21200613,208
D,15,21200614,268
D,15,21200615,295
D,15,21200616,329
D,15,21200617,389
D,15,21200618,344
D,15,21200619,325
D,15,21200620,309
D,15,21200621,349
D,15,21200622,432
D,15,21200623,425
D,15,21200624,355
D,15,21200625,375
D,15,21200626,406
D,15,21200627,314
D,15,21200628,306
D,15,21200629,290
D,16,21200501,0
D,16,21200502,0
D,16,21200503,0
D,16,21200504,0
D,16,21200505,0
D,16,21200506,0
D,16,21200507,0
D,16,21200508,0
D,16,21200509,0
D,16,21200510,0
D,16,21200511,0
D,16,21200512,0
D,16,21200513,0
D,16,21200514,0
D,16,21200515,0
D,16,21200516,0
D,16,21200517,0
D,16,21200518,0
D,16,21200519,0
D,16,21200520,0
D,16,21200521,0
D,16,21200522,0
D,16,21200523,0
D,16,21200524,0
D,16,21200525,0
D,16,21200526,0
D,16,21200527,0
D,16,21200528,0
D,16,21200529,0
D,16,21200530,0
D,16,21200531,0
D,16,21200601,3
D,16,21200602,2
D,16,21200603,6
D,16,21200604,17
D,16,21200605,8
D,16,21200606,6
D,16,21200607,23
D,16,21200608,13
D,16,21200609,39
D,16,21200610,21
D,16,21200611,29
D,16,21200612,58
D,16,21200613,80
D,16,21200614,60
D,16,21200615,61
D,16,21200616,64
D,16,21200617,111
D,16,21200618,95
D,16,21200619,61
D,16,21200620,60
D,16,21200621,65
D,16,21200622,104
D,16,21200623,82
D,16,21200624,81
D,16,21200625,82
D,16,21200626,83
D,16,21200627,68
D,16,21200628,73
D,16,21200629,61
D,17,21200501,0
D,17,21200502,0
D,17,21200503,0
D,17,21200504,0
D,17,21200505,0
D,17,21200506,0
D,17,21200507,0
D,17,21200508,0
D,17,21200509,0
D,17,21200510,0
D,17,21200511,0
D,17,21200512,0
D,17,21200513,0
D,17,21200514,0
D,17,21200515,0
D,17,21200516,0
D,17,21200517,0
D,17,21200518,0
D,17,21200519,0
D,17,21200520,0
D,17,21200521,0
D,17,21200522,0
D,17,21200523,0
D,17,21200524,0
D,17,21200525,0
D,17,21200526,0
D,17,21200527,0
D,17,21200528,0
D,17,21200529,0
D,17,21200530,0
D,17,21200531,0
D,17,21200601,0
D,17,21200602,0
D,17,21200603,0
D,17,21200604,2
D,17,21200605,2
D,17,21200606,0
D,17,21200607,9
D,17,21200608,7
D,17,21200609,8
D,17,21200610,8
D,17,21200611,4
D,17,21200612,7
D,17,21200613,14
D,17,21200614,18
D,17,21200615,21
D,17,21200616,24
D,17,21200617,25
D,17,21200618,18
D,17,21200619,21
D,17,21200620,28
D,17,21200621,40
D,17,21200622,52
D,17,21200623,43
D,17,21200624,45
D,17,21200625,35
D,17,21200626,28
D,17,21200627,47
D,17,21200628,58
D,17,21200629,45
D,18,21200501,0
D,18,21200502,0
D,18,21200503,0
D,18,21200504,0
D,18,21200505,0
D,18,21200506,0
D,18,21200507,0
D,18,21200508,0
D,18,21200509,0
D,18,21200510,0
D,18,21200511,0
D,18,21200512,0
D,18,21200513,0
D,18,21200514,0
D,18,21200515,0
D,18,21200516,0
D,18,21200517,0
D,18,21200518,0
D,18,21200519,0
D,18,21200520,0
D,18,21200521,0
D,18,21200522,0
D,18,21200523,0
D,18,21200524,0
D,18,21200525,0
D,18,21200526,0
D,18,21200527,0
D,18,21200528,0
D,18,21200529,0
D,18,21200530,0
D,18,21200531,0
D,18,21200601,0
D,18,21200602,0
D,18,21200603,3
D,18,21200604,1
D,18,21200605,6
D,18,21200606,9
D,18,21200607,8
D,18,21200608,13
D,18,21200609,17
D,18,21200610,14
D,18,21200611,13
D,18,21200612,28
D,18,21200613,36
D,18,21200614,51
D,18,21200615,48
D,18,21200616,46
D,18,21200617,95
D,18,21200618,89
D,18,21200619,142
D,18,21200620,97
D,18,21200621,89
D,18,21200622,144
D,18,21200623,149
D,18,21200624,149
D,18,21200625,147
D,18,21200626,147
D,18,21200627,129
D,18,21200628,117
D,18,21200629,147
D,19,21200501,0
D,19,21200502,0
D,19,21200503,0
D,19,21200504,0
D,19,21200505,0
D,19,21200506,0
D,19,21200507,0
D,19,21200508,0
D,19,21200509,0
D,19,21200510,0
D,19,21200511,0
D,19,21200512,0
D,19,21200513,0
D,19,21200514,0
D,19,21200515,0
D,19,21200516,0
D,19,21200517,0
D,19,21200518,0
D,19,21200519,0
D,19,21200520,0
D,19,21200521,0
D,19,21200522,0
D,19,21200523,0
D,19,21200524,0
D,19,21200525,0
D,19,21200526,0
D,19,21200527,2
D,19,21200528,5
D,19,21200529,5
D,19,21200530,3
D,19,21200531,8
D,19,21200601,12
D,19,21200602,41
D,19,21200603,68
D,19,21200604,116
D,19,21200605,13
D,19,21200606,28
D,19,21200607,18
D,19,21200608,50
D,19,21200609,65
D,19,21200610,104
D,19,21200611,99
D,19,21200612,107
D,19,21200613,117
D,19,21200614,157
D,19,21200615,146
D,19,21200616,137
D,19,21200617,192
D,19,21200618,134
D,19,21200619,156
D,19,21200620,192
D,19,21200621,160
D,19,21200622,196
D,19,21200623,202
D,19,21200624,276
D,19,21200625,285
D,19,21200626,294
D,19,21200627,189
D,19,21200628,203
D,19,21200629,209
D,20,21200501,0
D,20,21200502,0
D,20,21200503,0
D,20,21200504,0
D,20,21200505,0
D,20,21200506,0
D,20,21200507,0
D,20,21200508,0
D,20,21200509,0
D,20,21200510,0
D,20,21200511,0
D,20,21200512,0
D,20,21200513,0
D,20,21200514,0
D,20,21200515,0
D,20,21200516,0
D,20,21200517,0
D,20,21200518,0
D,20,21200519,0
D,20,21200520,0
D,20,21200521,0
D,20,21200522,0
D,20,21200523,0
D,20,21200524,0
D,20,21200525,0
D,20,21200526,0
D,20,21200527,0
D,20,21200528,10
D,20,21200529,8
D,20,21200530,8
D,20,21200531,27
D,20,21200601,61
D,20,21200602,123
D,20,21200603,257
D,20,21200604,351
D,20,21200605,104
D,20,21200606,65
D,20,21200607,137
D,20,21200608,212
D,20,21200609,253
D,20,21200610,291
D,20,21200611,395
D,20,21200612,478
D,20,21200613,529
D,20,21200614,535
D,20,21200615,658
D,20,21200616,756
D,20,21200617,829
D,20,21200618,800
D,20,21200619,879
D,20,21200620,697
D,20,21200621,806
D,20,21200622,899
D,20,21200623,912
D,20,21200624,990
D,20,21200625,1066
D,20,21200626,1173
D,20,21200627,816
D,20,21200628,736
D,20,21200629,790
D,21,21200501,0
D,21,21200502,0
D,21,21200503,0
D,21,21200504,0
D,21,21200505,0
D,21,21200506,0
D,21,21200507,0
D,21,21200508,0
D,21,21200509,0
D,21,21200510,0
D,21,21200511,0
D,21,21200512,0
D,21,21200513,0
D,21,21200514,0
D,21,21200515,0
D,21,21200516,0
D,21,21200517,0
D,21,21200518,0
D,21,21200519,0
D,21,21200520,0
D,21,21200521,0
D,21,21200522,0
D,21,21200523,0
D,21,21200524,0
D,21,21200525,0
D,21,21200526,0
D,21,21200527,0
D,21,21200528,0
D,21,21200529,0
D,21,21200530,0
D,21,21200531,0
D,21,21200601,0
D,21,21200602,3
D,21,21200603,3
D,21,21200604,6
D,21,21200605,8
D,21,21200606,7
D,21,21200607,9
D,21,21200608,17
D,21,21200609,11
D,21,21200610,7
D,21,21200611,26
D,21,21200612,13
D,21,21200613,22
D,21,21200614,12
D,21,21200615,35
D,21,21200616,59
D,21,21200617,51
D,21,21200618,48
D,21,21200619,50
D,21,21200620,51
D,21,21200621,62
D,21,21200622,96
D,21,21200623,85
D,21,21200624,84
D,21,21200625,110
D,21,21200626,135
D,21,21200627,98
D,21,21200628,58
D,21,21200629,71
D,22,21200501,0
D,22,21200502,0
D,22,21200503,0
D,22,21200504,0
D,22,21200505,0
D,22,21200506,0
D,22,21200507,0
D,22,21200508,0
D,22,21200509,0
D,22,21200510,0
D,22,21200511,0
D,22,21200512,0
D,22,21200513,0
D,22,21200514,0
D,22,21200515,0
D,22,21200516,0
D,22,21200517,0
D,22,21200518,0
D,22,21200519,0
D,22,21200520,0
D,22,21200521,0
D,22,21200522,0
D,22,21200523,0
D,22,21200524,0
D,22,21200525,0
D,22,21200526,0
D,22,21200527,0
D,22,21200528,2
D,22,21200529,0
D,22,21200530,0
D,22,21200531,0
D,22,21200601,0
D,22,21200602,0
D,22,21200603,2
D,22,21200604,2
D,22,21200605,0
D,22,21200606,3
D,22,21200607,6
D,22,21200608,11
D,22,21200609,9
D,22,21200610,5
D,22,21200611,4
D,22,21200612,17
D,22,21200613,16
D,22,21200614,11
D,22,21200615,12
D,22,21200616,14
D,22,21200617,28
D,22,21200618,27
D,22,21200619,20
D,22,21200620,19
D,22,21200621,32
D,22,21200622,19
D,22,21200623,41
D,22,21200624,40
D,22,21200625,39
D,22,21200626,38
D,22,21200627,67
D,22,21200628,21
D,22,21200629,32
D,23,21200501,0
D,23,21200502,0
D,23,21200503,0
D,23,21200504,0
D,23,21200505,0
D,23,21200506,0
D,23,21200507,0
D,23,21200508,0
D,23,21200509,0
D,23,21200510,0
D,23,21200511,0
D,23,21200512,0
D,23,21200513,0
D,23,21200514,0
D,23,21200515,0
D,23,21200516,0
D,23,21200517,0
D,23,21200518,0
D,23,21200519,0
D,23,21200520,0
D,23,21200521,0
D,23,21200522,0
D,23,21200523,0
D,23,21200524,0
D,23,21200525,0
D,23,21200526,0
D,23,21200527,0
D,23,21200528,0
D,23,21200529,0
D,23,21200530,3
D,23,21200531,11
D,23,21200601,5
D,23,21200602,7
D,23,21200603,10
D,23,21200604,32
D,23,21200605,36
D,23,21200606,25
D,23,21200607,35
D,23,21200608,63
D,23,21200609,69
D,23,21200610,72
D,23,21200611,138
D,23,21200612,175
D,23,21200613,192
D,23,21200614,224
D,23,21200615,283
D,23,21200616,329
D,23,21200617,323
D,23,21200618,393
D,23,21200619,357
D,23,21200620,314
D,23,21200621,346
D,23,21200622,405
D,23,21200623,374
D,23,21200624,421
D,23,21200625,414
D,23,21200626,410
D,23,21200627,356
D,23,21200628,295
D,23,21200629,330
D,24,21200501,0
D,24,21200502,0
D,24,21200503,0
D,24,21200504,0
D,24,21200505,0
D,24,21200506,0
D,24,21200507,0
D,24,21200508,0
D,24,21200509,0
D,24,21200510,0
D,24,21200511,0
D,24,21200512,0
D,24,21200513,0
D,24,21200514,0
D,24,21200515,0
D,24,21200516,0
D,24,21200517,0
D,24,21200518,0
D,24,21200519,0
D,24,21200520,0
D,24,21200521,0
D,24,21200522,0
D,24,21200523,0
D,24,21200524,0
D,24,21200525,0
D,24,21200526,0
D,24,21200527,0
D,24,21200528,0
D,24,21200529,0
D,24,21200530,1
D,24,21200531,0
D,24,21200601,0
D,24,21200602,0
D,24,21200603,0
D,24,21200604,0
D,24,21200605,7
D,24,21200606,4
D,24,21200607,9
D,24,21200608,4
D,24,21200609,1
D,24,21200610,4
D,24,21200611,16
D,24,21200612,12
D,24,21200613,21
D,24,21200614,9
D,24,21200615,22
D,24,21200616,37
D,24,21200617,19
D,24,21200618,16
D,24,21200619,16
D,24,21200620,40
D,24,21200621,66
D,24,21200622,65
D,24,21200623,70
D,24,21200624,79
D,24,21200625,85
D,24,21200626,92
D,24,21200627,81
D,24,21200628,82
D,24,21200629,95
D,25,21200501,0
D,25,21200502,0
D,25,21200503,0
D,25,21200504,0
D,25,21200505,0
D,25,21200506,0
D,25,21200507,0
D,25,21200508,0
D,25,21200509,0
D,25,21200510,0
D,25,21200511,0
D,25,21200512,0
D,25,21200513,0
D,25,21200514,0
D,25,21200515,0
D,25,21200516,0
D,25,21200517,0
D,25,21200518,0
D,25,21200519,0
D,25,21200520,0
D,25,21200521,0
D,25,21200522,0
D,25,21200523,0
D,25,21200524,0
D,25,21200525,0
D,25,21200526,0
D,25,21200527,0
D,25,21200528,1
D,25,21200529,1
D,25,21200530,0
D,25,21200531,0
D,25,21200601,1
D,25,21200602,4
D,25,21200603,5
D,25,21200604,20
D,25,21200605,11
D,25,21200606,15
D,25,21200607,14
D,25,21200608,12
D,25,21200609,24
D,25,21200610,29
D,25,21200611,34
D,25,21200612,16
D,25,21200613,48
D,25,21200614,38
D,25,21200615,48
D,25,21200616,61
D,25,21200617,69
D,25,21200618,43
D,25,21200619,69
D,25,21200620,56
D,25,21200621,72
D,25,21200622,82
D,25,21200623,111
D,25,21200624,107
D,25,21200625,108
D,25,21200626,110
D,25,21200627,90
D,25,21200628,96
D,25,21200629,82
D,26,21200501,0
D,26,21200502,0
D,26,21200503,0
D,26,21200504,0
D,26,21200505,0
D,26,21200506,0
D,26,21200507,0
D,26,21200508,0
D,26,21200509,0
D,26,21200510,0
D,26,21200511,0
D,26,21200512,0
D,26,21200513,0
D,26,21200514,0
D,26,21200515,0
D,26,21200516,0
D,26,21200517,0
D,26,21200518,0
D,26,21200519,0
D,26,21200520,0
D,26,21200521,0
D,26,21200522,0
D,26,21200523,0
D,26,21200524,0
D,26,21200525,0
D,26,21200526,0
D,26,21200527,0
D,26,21200528,0
D,26,21200529,0
D,26,21200530,0
D,26,21200531,1
D,26,21200601,0
D,26,21200602,4
D,26,21200603,0
D,26,21200604,3
D,26,21200605,1
D,26,21200606,6
D,26,21200607,5
D,26,21200608,0
D,26,21200609,3
D,26,21200610,5
D,26,21200611,3
D,26,21200612,10
D,26,21200613,2
D,26,21200614,21
D,26,21200615,15
D,26,21200616,11
D,26,21200617,16
D,26,21200618,21
D,26,21200619,13
D,26,21200620,20
D,26,21200621,19
D,26,21200622,16
D,26,21200623,24
D,26,21200624,34
D,26,21200625,29
D,26,21200626,26
D,26,21200627,20
D,26,21200628,30
D,26,21200629,23
D,27,21200501,0
D,27,21200502,0
D,27,21200503,0
D,27,21200504,0
D,27,21200505,0
D,27,21200506,0
D,27,21200507,0
D,27,21200508,0
D,27,21200509,0
D,27,21200510,0
D,27,21200511,0
D,27,21200512,0
D,27,21200513,0
D,27,21200514,0
D,27,21200515,0
D,27,21200516,0
D,27,21200517,0
D,27,21200518,0
D,27,21200519,0
D,27,21200520,0
D,27,21200521,0
D,27,21200522,0
D,27,21200523,0
D,27,21200524,0
D,27,21200525,0
D,27,21200526,0
D,27,21200527,1
D,27,21200528,2
D,27,21200529,0
D,27,21200530,0
D,27,21200531,3
D,27,21200601,5
D,27,21200602,11
D,27,21200603,9
D,27,21200604,56
D,27,21200605,38
D,27,21200606,35
D,27,21200607,42
D,27,21200608,38
D,27,21200609,20
D,27,21200610,51
D,27,21200611,62
D,27,21200612,98
D,27,21200613,96
D,27,21200614,108
D,27,21200615,136
D,27,21200616,157
D,27,21200617,135
D,27,21200618,137
D,27,21200619,184
D,27,21200620,166
D,27,21200621,206
D,27,21200622,194
D,27,21200623,265
D,27,21200624,334
D,27,21200625,319
D,27,21200626,301
D,27,21200627,271
D,27,21200628,240
D,27,21200629,214
D,28,21200501,0
D,28,21200502,0
D,28,21200503,0
D,28,21200504,0
D,28,21200505,0
D,28,21200506,0
D,28,21200507,0
D,28,21200508,0
D,28,21200509,0
D,28,21200510,0
D,28,21200511,0
D,28,21200512,0
D,28,21200513,0
D,28,21200514,0
D,28,21200515,0
D,28,21200516,0
D,28,21200517,0
D,28,21200518,0
D,28,21200519,0
D,28,21200520,0
D,28,21200521,0
D,28,21200522,0
D,28,21200523,0
D,28,21200524,0
D,28,21200525,0
D,28,21200526,0
D,28,21200527,0
D,28,21200528,0
D,28,21200529,0
D,28,21200530,0
D,28,21200531,0
D,28,21200601,2
D,28,21200602,8
D,28,21200603,28
D,28,21200604,25
D,28,21200605,24
D,28,21200606,32
D,28,21200607,26
D,28,21200608,42
D,28,21200609,55
D,28,21200610,61
D,28,21200611,101
D,28,21200612,94
D,28,21200613,144
D,28,21200614,157
D,28,21200615,187
D,28,21200616,210
D,28,21200617,227
D,28,21200618,250
D,28,21200619,271
D,28,21200620,249
D,28,21200621,298
D,28,21200622,340
D,28,21200623,372
D,28,21200624,403
D,28,21200625,379
D,28,21200626,354
D,28,21200627,335
D,28,21200628,312
D,28,21200629,370
D,29,21200501,0
D,29,21200502,0
D,29,21200503,0
D,29,21200504,0
D,29,21200505,0
D,29,21200506,0
D,29,21200507,0
D,29,21200508,0
D,29,21200509,0
D,29,21200510,0
D,29,21200511,0
D,29,21200512,0
D,29,21200513,0
D,29,21200514,0
D,29,21200515,2
D,29,21200516,0
D,29,21200517,0
D,29,21200518,2
D,29,21200519,0
D,29,21200520,0
D,29,21200521,1
D,29,21200522,0
D,29,21200523,0
D,29,21200524,8
D,29,21200525,3
D,29,21200526,5
D,29,21200527,6
D,29,21200528,5
D,29,21200529,5
D,29,21200530,10
D,29,21200531,5
D,29,21200601,7
D,29,21200602,11
D,29,21200603,16
D,29,21200604,52
D,29,21200605,47
D,29,21200606,46
D,29,21200607,79
D,29,21200608,70
D,29,21200609,114
D,29,21200610,112
D,29,21200611,164
D,29,21200612,219
D,29,21200613,293
D,29,21200614,292
D,29,21200615,347
D,29,21200616,388
D,29,21200617,392
D,29,21200618,370
D,29,21200619,423
D,29,21200620,337
D,29,21200621,392
D,29,21200622,411
D,29,21200623,489
D,29,21200624,475
D,29,21200625,538
D,29,21200626,605
D,29,21200627,425
D,29,21200628,385
D,29,21200629,378
D,30,21200501,0
D,30,21200502,0
D,30,21200503,0
D,30,21200504,0
D,30,21200505,0
D,30,21200506,0
D,30,21200507,0
D,30,21200508,0
D,30,21200509,0
D,30,21200510,0
D,30,21200511,0
D,30,21200512,0
D,30,21200513,0
D,30,21200514,0
D,30,21200515,0
D,30,21200516,0
D,30,21200517,0
D,30,21200518,0
D,30,21200519,0
D,30,21200520,0
D,30,21200521,0
D,30,21200522,0
D,30,21200523,0
D,30,21200524,0
D,30,21200525,0
D,30,21200526,0
D,30,21200527,0
D,30,21200528,0
D,30,21200529,0
D,30,21200530,0
D,30,21200531,0
D,30,21200601,0
D,30,21200602,0
D,30,21200603,0
D,30,21200604,0
D,30,21200605,0
D,30,21200606,0
D,30,21200607,0
D,30,21200608,0
D,30,21200609,1
D,30,21200610,0
D,30,21200611,1
D,30,21200612,4
D,30,21200613,0
D,30,21200614,6
D,30,21200615,5
D,30,21200616,5
D,30,21200617,3
D,30,21200618,10
D,30,21200619,8
D,30,21200620,9
D,30,21200621,12
D,30,21200622,36
D,30,21200623,27
D,30,21200624,20
D,30,21200625,25
D,30,21200626,32
D,30,21200627,42
D,30,21200628,27
D,30,21200629,31
D,31,21200501,0
D,31,21200502,0
D,31,21200503,0
D,31,21200504,0
D,31,21200505,0
D,31,21200506,0
D,31,21200507,0
D,31,21200508,0
D,31,21200509,0
D,31,21200510,0
D,31,21200511,0
D,31,21200512,0
D,31,21200513,0
D,31,21200514,0
D,31,21200515,0
D,31,21200516,0
D,31,21200517,0
D,31,21200518,0
D,31,21200519,0
D,31,21200520,0
D,31,21200521,0
D,31,21200522,0
D,31,21200523,0
D,31,21200524,0
D,31,21200525,0
D,31,21200526,0
D,31,21200527,4
D,31,21200528,0
D,31,21200529,0
D,31,21200530,0
D,31,21200531,0
D,31,21200601,0
D,31,21200602,2
D,31,21200603,2
D,31,21200604,2
D,31,21200605,0
D,31,21200606,6
D,31,21200607,3
D,31,21200608,1
D,31,21200609,5
D,31,21200610,7
D,31,21200611,4
D,31,21200612,10
D,31,21200613,9
D,31,21200614,12
D,31,21200615,17
D,31,21200616,25
D,31,21200617,22
D,31,21200618,15
D,31,21200619,35
D,31,21200620,26
D,31,21200621,31
D,31,21200622,29
D,31,21200623,25
D,31,21200624,43
D,31,21200625,43
D,31,21200626,44
D,31,21200627,56
D,31,21200628,52
D,31,21200629,54
D,32,21200501,0
D,32,21200502,0
D,32,21200503,0
D,32,21200504,0
D,32,21200505,0
D,32,21200506,0
D,32,21200507,0
D,32,21200508,0
D,32,21200509,0
D,32,21200510,0
D,32,21200511,0
D,32,21200512,0
D,32,21200513,0
D,32,21200514,0
D,32,21200515,0
D,32,21200516,0
D,32,21200517,0
D,32,21200518,0
D,32,21200519,0
D,32,21200520,0
D,32,21200521,0
D,32,21200522,0
D,32,21200523,0
D,32,21200524,0
D,32,21200525,0
D,32,21200526,0
D,32,21200527,0
D,32,21200528,0
D,32,21200529,0
D,32,21200530,0
D,32,21200531,0
D,32,21200601,0
D,32,21200602,0
D,32,21200603,0
D,32,21200604,0
D,32,21200605,0
D,32,21200606,1
D,32,21200607,0
D,32,21200608,0
D,32,21200609,0
D,32,21200610,0
D,32,21200611,0
D,32,21200612,2
D,32,21200613,3
D,32,21200614,2
D,32,21200615,1
D,32,21200616,1
D,32,21200617,3
D,32,21200618,0
D,32,21200619,4
D,32,21200620,0
D,32,21200621,1
D,32,21200622,1
D,32,21200623,1
D,32,21200624,3
D,32,21200625,4
D,32,21200626,6
D,32,21200627,4
D,32,21200628,3
D,32,21200629,2
D,33,21200501,0
D,33,21200502,0
D,33,21200503,0
D,33,21200504,0
D,33,21200505,0
D,33,21200506,0
D,33,21200507,0
D,33,21200508,0
D,33,21200509,0
D,33,21200510,0
D,33,21200511,0
D,33,21200512,0
D,33,21200513,0
D,33,21200514,0
D,33,21200515,0
D,33,21200516,0
D,33,21200517,0
D,33,21200518,0
D,33,21200519,0
D,33,21200520,0
D,33,21200521,0
D,33,21200522,0
D,33,21200523,0
D,33,21200524,0
D,33,21200525,0
D,33,21200526,0
D,33,21200527,0
D,33,21200528,0
D,33,21200529,0
D,33,21200530,1
D,33,21200531,0
D,33,21200601,0
D,33,21200602,10
D,33,21200603,4
D,33,21200604,12
D,33,21200605,10
D,33,21200606,7
D,33,21200607,20
D,33,21200608,10
D,33,21200609,10
D,33,21200610,6
D,33,21200611,11
D,33,21200612,15
D,33,21200613,11
D,33,21200614,13
D,33,21200615,16
D,33,21200616,19
D,33,21200617,26
D,33,21200618,24
D,33,21200619,21
D,33,21200620,24
D,33,21200621,27
D,33,21200622,25
D,33,21200623,46
D,33,21200624,40
D,33,21200625,43
D,33,21200626,46
D,33,21200627,50
D,33,21200628,60
D,33,21200629,60
D,34,21200501,0
D,34,21200502,0
D,34,21200503,0
D,34,21200504,0
D,34,21200505,0
D,34,21200506,0
D,34,21200507,0
D,34,21200508,0
D,34,21200509,0
D,34,21200510,0
D,34,21200511,0
D,34,21200512,0
D,34,21200513,0
D,34,21200514,0
D,34,21200515,0
D,34,21200516,0
D,34,21200517,0
D,34,21200518,0
D,34,21200519,0
D,34,21200520,0
D,34,21200521,0
D,34,21200522,0
D,34,21200523,0
D,34,21200524,0
D,34,21200525,0
D,34,21200526,0
D,34,21200527,0
D,34,21200528,0
D,34,21200529,0
D,34,21200530,0
D,34,21200531,0
D,34,21200601,0
D,34,21200602,0
D,34,21200603,0
D,34,21200604,0
D,34,21200605,1
D,34,21200606,3
D,34,21200607,2
D,34,21200608,1
D,34,21200609,3
D,34,21200610,12
D,34,21200611,4
D,34,21200612,6
D,34,21200613,6
D,34,21200614,11
D,34,21200615,14
D,34,21200616,19
D,34,21200617,15
D,34,21200618,14
D,34,21200619,14
D,34,21200620,13
D,34,21200621,16
D,34,21200622,27
D,34,21200623,24
D,34,21200624,22
D,34,21200625,27
D,34,21200626,32
D,34,21200627,43
D,34,21200628,37
D,34,21200629,28
D,35,21200501,0
D,35,21200502,0
D,35,21200503,0
D,35,21200504,0
D,35,21200505,0
D,35,21200506,0
D,35,21200507,0
D,35,21200508,0
D,35,21200509,0
D,35,21200510,0
D,35,21200511,0
D,35,21200512,0
D,35,21200513,0
D,35,21200514,0
D,35,21200515,0
D,35,21200516,0
D,35,21200517,0
D,35,21200518,0
D,35,21200519,0
D,35,21200520,0
D,35,21200521,0
D,35,21200522,0
D,35,21200523,0
D,35,21200524,0
D,35,21200525,0
D,35,21200526,0
D,35,21200527,0
D,35,21200528,0
D,35,21200529,0
D,35,21200530,0
D,35,21200531,0
D,35,21200601,0
D,35,21200602,0
D,35,21200603,2
D,35,21200604,5
D,35,21200605,4
D,35,21200606,8
D,35,21200607,9
D,35,21200608,3
D,35,21200609,6
D,35,21200610,1
D,35,21200611,14
D,35,21200612,13
D,35,21200613,35
D,35,21200614,48
D,35,21200615,40
D,35,21200616,35
D,35,21200617,37
D,35,21200618,81
D,35,21200619,111
D,35,21200620,57
D,35,21200621,81
D,35,21200622,92
D,35,21200623,124
D,35,21200624,104
D,35,21200625,113
D,35,21200626,120
D,35,21200627,134
D,35,21200628,104
D,35,21200629,101
D,36,21200501,0
D,36,21200502,0
D,36,21200503,0
D,36,21200504,0
D,36,21200505,0
D,36,21200506,0
D,36,21200507,0
D,36,21200508,0
D,36,21200509,0
D,36,21200510,0
D,36,21200511,0
D,36,21200512,0
D,36,21200513,0
D,36,21200514,0
D,36,21200515,0
D,36,21200516,0
D,36,21200517,0
D,36,21200518,0
D,36,21200519,0
D,36,21200520,0
D,36,21200521,0
D,36,21200522,0
D,36,21200523,0
D,36,21200524,0
D,36,21200525,0
D,36,21200526,0
D,36,21200527,0
D,36,21200528,1
D,36,21200529,1
D,36,21200530,0
D,36,21200531,0
D,36,21200601,0
D,36,21200602,0
D,36,21200603,0
D,36,21200604,0
D,36,21200605,0
D,36,21200606,0
D,36,21200607,0
D,36,21200608,5
D,36,21200609,0
D,36,21200610,2
D,36,21200611,0
D,36,21200612,0
D,36,21200613,0
D,36,21200614,1
D,36,21200615,2
D,36,21200616,4
D,36,21200617,1
D,36,21200618,1
D,36,21200619,0
D,36,21200620,0
D,36,21200621,10
D,36,21200622,5
D,36,21200623,0
D,36,21200624,6
D,36,21200625,17
D,36,21200626,30
D,36,21200627,19
D,36,21200628,29
D,36,21200629,17
D,37,21200501,0
D,37,21200502,0
D,37,21200503,0
D,37,21200504,0
D,37,21200505,0
D,37,21200506,0
D,37,21200507,0
D,37,21200508,0
D,37,21200509,0
D,37,21200510,0
D,37,21200511,0
D,37,21200512,0
D,37,21200513,0
D,37,21200514,0
D,37,21200515,0
D,37,21200516,0
D,37,21200517,0
D,37,21200518,0
D,37,21200519,0
D,37,21200520,0
D,37,21200521,0
D,37,21200522,0
D,37,21200523,0
D,37,21200524,0
D,37,21200525,0
D,37,21200526,0
D,37,21200527,0
D,37,21200528,0
D,37,21200529,0
D,37,21200530,0
D,37,21200531,0
D,37,21200601,0
D,37,21200602,1
D,37,21200603,2
D,37,21200604,6
D,37,21200605,13
D,37,21200606,11
D,37,21200607,14
D,37,21200608,19
D,37,21200609,21
D,37,21200610,16
D,37,21200611,18
D,37,21200612,28
D,37,21200613,53
D,37,21200614,75
D,37,21200615,85
D,37,21200616,100
D,37,21200617,83
D,37,21200618,112
D,37,21200619,109
D,37,21200620,88
D,37,21200621,97
D,37,21200622,137
D,37,21200623,160
D,37,21200624,152
D,37,21200625,168
D,37,21200626,188
D,37,21200627,134
D,37,21200628,166
D,37,21200629,181
D,38,21200501,0
D,38,21200502,0
D,38,21200503,0
D,38,21200504,0
D,38,21200505,0
D,38,21200506,0
D,38,21200507,0
D,38,21200508,0
D,38,21200509,0
D,38,21200510,0
D,38,21200511,0
D,38,21200512,0
D,38,21200513,0
D,38,21200514,0
D,38,21200515,0
D,38,21200516,0
D,38,21200517,0
D,38,21200518,0
D,38,21200519,0
D,38,21200520,0
D,38,21200521,0
D,38,21200522,0
D,38,21200523,0
D,38,21200524,0
D,38,21200525,0
D,38,21200526,0
D,38,21200527,0
D,38,21200528,0
D,38,21200529,0
D,38,21200530,12
D,38,21200531,1
D,38,21200601,4
D,38,21200602,35
D,38,21200603,32
D,38,21200604,50
D,38,21200605,70
D,38,21200606,44
D,38,21200607,46
D,38,21200608,71
D,38,21200609,119
D,38,21200610,125
D,38,21200611,102
D,38,21200612,174
D,38,21200613,223
D,38,21200614,241
D,38,21200615,260
D,38,21200616,276
D,38,21200617,285
D,38,21200618,277
D,38,21200619,251
D,38,21200620,240
D,38,21200621,217
D,38,21200622,342
D,38,21200623,257
D,38,21200624,300
D,38,21200625,296
D,38,21200626,294
D,38,21200627,193
D,38,21200628,190
D,38,21200629,233
D,39,21200501,0
D,39,21200502,0
D,39,21200503,0
D,39,21200504,0
D,39,21200505,0
D,39,21200506,0
D,39,21200507,0
D,39,21200508,0
D,39,21200509,0
D,39,21200510,0
D,39,21200511,0
D,39,21200512,0
D,39,21200513,0
D,39,21200514,0
D,39,21200515,0
D,39,21200516,0
D,39,21200517,0
D,39,21200518,0
D,39,21200519,0
D,39,21200520,0
D,39,21200521,0
D,39,21200522,0
D,39,21200523,0
D,39,21200524,0
D,39,21200525,0
D,39,21200526,8
D,39,21200527,11
D,39,21200528,28
D,39,21200529,46
D,39,21200530,115
D,39,21200531,266
D,39,21200601,398
D,39,21200602,579
D,39,21200603,772
D,39,21200604,1296
D,39,21200605,585
D,39,21200606,499
D,39,21200607,489
D,39,21200608,759
D,39,21200609,931
D,39,21200610,1235
D,39,21200611,1365
D,39,21200612,1659
D,39,21200613,1906
D,39,21200614,2116
D,39,21200615,2364
D,39,21200616,2577
D,39,21200617,2627
D,39,21200618,2176
D,39,21200619,2331
D,39,21200620,1851
D,39,21200621,2039
D,39,21200622,2317
D,39,21200623,2150
D,39,21200624,2184
D,39,21200625,2175
D,39,21200626,2170
D,39,21200627,1715
D,39,21200628,1493
D,39,21200629,1925
D,40,21200501,0
D,40,21200502,0
D,40,21200503,0
D,40,21200504,0
D,40,21200505,0
D,40,21200506,0
D,40,21200507,0
D,40,21200508,0
D,40,21200509,0
D,40,21200510,0
D,40,21200511,0
D,40,21200512,0
D,40,21200513,0
D,40,21200514,0
D,40,21200515,0
D,40,21200516,0
D,40,21200517,0
D,40,21200518,0
D,40,21200519,0
D,40,21200520,0
D,40,21200521,0
D,40,21200522,0
D,40,21200523,0
D,40,21200524,0
D,40,21200525,0
D,40,21200526,0
D,40,21200527,0
D,40,21200528,0
D,40,21200529,0
D,40,21200530,0
D,40,21200531,2
D,40,21200601,3
D,40,21200602,17
D,40,21200603,19
D,40,21200604,53
D,40,21200605,51
D,40,21200606,86
D,40,21200607,108
D,40,21200608,148
D,40,21200609,220
D,40,21200610,290
D,40,21200611,338
D,40,21200612,461
D,40,21200613,559
D,40,21200614,688
D,40,21200615,732
D,40,21200616,785
D,40,21200617,816
D,40,21200618,788
D,40,21200619,627
D,40,21200620,582
D,40,21200621,662
D,40,21200622,733
D,40,21200623,634
D,40,21200624,664
D,40,21200625,637
D,40,21200626,617
D,40,21200627,579
D,40,21200628,477
D,40,21200629,502
D,41,21200501,0
D,41,21200502,0
D,41,21200503,0
D,41,21200504,0
D,41,21200505,0
D,41,21200506,0
D,41,21200507,0
D,41,21200508,0
D,41,21200509,0
D,41,21200510,0
D,41,21200511,0
D,41,21200512,0
D,41,21200513,0
D,41,21200514,0
D,41,21200515,0
D,41,21200516,0
D,41,21200517,0
D,41,21200518,0
D,41,21200519,0
D,41,21200520,0
D,41,21200521,0
D,41,21200522,0
D,41,21200523,0
D,41,21200524,0
D,41,21200525,0
D,41,21200526,0
D,41,21200527,0
D,41,21200528,0
D,41,21200529,0
D,41,21200530,0
D,41,21200531,0
D,41,21200601,0
D,41,21200602,0
D,41,21200603,1
D,41,21200604,0
D,41,21200605,0
D,41,21200606,1
D,41,21200607,2
D,41,21200608,5
D,41,21200609,0
D,41,21200610,5
D,41,21200611,7
D,41,21200612,16
D,41,21200613,31
D,41,21200614,37
D,41,21200615,46
D,41,21200616,53
D,41,21200617,56
D,41,21200618,67
D,41,21200619,52
D,41,21200620,82
D,41,21200621,84
D,41,21200622,101
D,41,21200623,72
D,41,21200624,108
D,41,21200625,108
D,41,21200626,108
D,41,21200627,86
D,41,21200628,67
D,41,21200629,78
D,42,21200501,0
D,42,21200502,0
D,42,21200503,0
D,42,21200504,0
D,42,21200505,0
D,42,21200506,0
D,42,21200507,0
D,42,21200508,0
D,42,21200509,0
D,42,21200510,0
D,42,21200511,0
D,42,21200512,0
D,42,21200513,0
D,42,21200514,0
D,42,21200515,0
D,42,21200516,0
D,42,21200517,0
D,42,21200518,0
D,42,21200519,0
D,42,21200520,0
D,42,21200521,0
D,42,21200522,0
D,42,21200523,0
D,42,21200524,0
D,42,21200525,0
D,42,21200526,0
D,42,21200527,0
D,42,21200528,0
D,42,21200529,0
D,42,21200530,0
D,42,21200531,0
D,42,21200601,0
D,42,21200602,0
D,42,21200603,1
D,42,21200604,0
D,42,21200605,0
D,42,21200606,0
D,42,21200607,2
D,42,21200608,0
D,42,21200609,1
D,42,21200610,2
D,42,21200611,11
D,42,21200612,2
D,42,21200613,4
D,42,21200614,4
D,42,21200615,5
D,42,21200616,6
D,42,21200617,10
D,42,21200618,13
D,42,21200619,24
D,42,21200620,6
D,42,21200621,16
D,42,21200622,37
D,42,21200623,26
D,42,21200624,39
D,42,21200625,41
D,42,21200626,45
D,42,21200627,55
D,42,21200628,59
D,42,21200629,67
D,43,21200501,0
D,43,21200502,0
D,43,21200503,0
D,43,21200504,0
D,43,21200505,0
D,43,21200506,0
D,43,21200507,0
D,43,21200508,0
D,43,21200509,0
D,43,21200510,0
D,43,21200511,0
D,43,21200512,0
D,43,21200513,0
D,43,21200514,0
D,43,21200515,0
D,43,21200516,0
D,43,21200517,0
D,43,21200518,0
D,43,21200519,0
D,43,21200520,0
D,43,21200521,0
D,43,21200522,0
D,43,21200523,0
D,43,21200524,0
D,43,21200525,0
D,43,21200526,0
D,43,21200527,1
D,43,21200528,1
D,43,21200529,0
D,43,21200530,0
D,43,21200531,6
D,43,21200601,3
D,43,21200602,10
D,43,21200603,5
D,43,21200604,21
D,43,21200605,19
D,43,21200606,11
D,43,21200607,21
D,43,21200608,32
D,43,21200609,22
D,43,21200610,60
D,43,21200611,67
D,43,21200612,76
D,43,21200613,98
D,43,21200614,124
D,43,21200615,135
D,43,21200616,146
D,43,21200617,185
D,43,21200618,166
D,43,21200619,132
D,43,21200620,110
D,43,21200621,178
D,43,21200622,174
D,43,21200623,187
D,43,21200624,211
D,43,21200625,216
D,43,21200626,224
D,43,21200627,197
D,43,21200628,218
D,43,21200629,213
D,44,21200501,0
D,44,21200502,0
D,44,21200503,0
D,44,21200504,0
D,44,21200505,0
D,44,21200506,0
D,44,21200507,0
D,44,21200508,0
D,44,21200509,0
D,44,21200510,0
D,44,21200511,0
D,44,21200512,0
D,44,21200513,0
D,44,21200514,0
D,44,21200515,0
D,44,21200516,0
D,44,21200517,0
D,44,21200518,0
D,44,21200519,0
D,44,21200520,0
D,44,21200521,0
D,44,21200522,0
D,44,21200523,0
D,44,21200524,0
D,44,21200525,0
D,44,21200526,0
D,44,21200527,2
D,44,21200528,1
D,44,21200529,8
D,44,21200530,4
D,44,21200531,2
D,44,21200601,3
D,44,21200602,13
D,44,21200603,12
D,44,21200604,28
D,44,21200605,40
D,44,21200606,17
D,44,21200607,27
D,44,21200608,38
D,44,21200609,37
D,44,21200610,31
D,44,21200611,46
D,44,21200612,72
D,44,21200613,114
D,44,21200614,131
D,44,21200615,135
D,44,21200616,141
D,44,21200617,223
D,44,21200618,160
D,44,21200619,229
D,44,21200620,218
D,44,21200621,268
D,44,21200622,304
D,44,21200623,323
D,44,21200624,275
D,44,21200625,373
D,44,21200626,458
D,44,21200627,494
D,44,21200628,424
D,44,21200629,488
D,45,21200501,0
D,45,21200502,0
D,45,21200503,0
D,45,21200504,0
D,45,21200505,0
D,45,21200506,0
D,45,21200507,0
D,45,21200508,0
D,45,21200509,0
D,45,21200510,0
D,45,21200511,0
D,45,21200512,0
D,45,21200513,0
D,45,21200514,0
D,45,21200515,0
D,45,21200516,0
D,45,21200517,0
D,45,21200518,0
D,45,21200519,0
D,45,21200520,0
D,45,21200521,0
D,45,21200522,0
D,45,21200523,0
D,45,21200524,0
D,45,21200525,0
D,45,21200526,0
D,45,21200527,0
D,45,21200528,0
D,45,21200529,0
D,45,21200530,0
D,45,21200531,0
D,45,21200601,0
D,45,21200602,2
D,45,21200603,5
D,45,21200604,5
D,45,21200605,6
D,45,21200606,4
D,45,21200607,8
D,45,21200608,5
D,45,21200609,2
D,45,21200610,5
D,45,21200611,2
D,45,21200612,5
D,45,21200613,12
D,45,21200614,5
D,45,21200615,8
D,45,21200616,12
D,45,21200617,10
D,45,21200618,14
D,45,21200619,16
D,45,21200620,11
D,45,21200621,18
D,45,21200622,17
D,45,21200623,35
D,45,21200624,36
D,45,21200625,30
D,45,21200626,23
D,45,21200627,41
D,45,21200628,41
D,45,21200629,51
D,46,21200501,0
D,46,21200502,0
D,46,21200503,0
D,46,21200504,0
D,46,21200505,0
D,46,21200506,0
D,46,21200507,0
D,46,21200508,0
D,46,21200509,0
D,46,21200510,0
D,46,21200511,0
D,46,21200512,0
D,46,21200513,0
D,46,21200514,0
D,46,21200515,0
D,46,21200516,0
D,46,21200517,0
D,46,21200518,0
D,46,21200519,0
D,46,21200520,0
D,46,21200521,0
D,46,21200522,0
D,46,21200523,0
D,46,21200524,0
D,46,21200525,0
D,46,21200526,0
D,46,21200527,0
D,46,21200528,0
D,46,21200529,0
D,46,21200530,0
D,46,21200531,0
D,46,21200601,0
D,46,21200602,0
D,46,21200603,0
D,46,21200604,1
D,46,21200605,0
D,46,21200606,0
D,46,21200607,0
D,46,21200608,0
D,46,21200609,2
D,46,21200610,5
D,46,21200611,1
D,46,21200612,0
D,46,21200613,3
D,46,21200614,4
D,46,21200615,3
D,46,21200616,3
D,46,21200617,3
D,46,21200618,6
D,46,21200619,9
D,46,21200620,4
D,46,21200621,3
D,46,21200622,13
D,46,21200623,8
D,46,21200624,15
D,46,21200625,12
D,46,21200626,10
D,46,21200627,18
D,46,21200628,20
D,46,21200629,17
D,47,21200501,0
D,47,21200502,0
D,47,21200503,0
D,47,21200504,0
D,47,21200505,0
D,47,21200506,0
D,47,21200507,0
D,47,21200508,0
D,47,21200509,0
D,47,21200510,0
D,47,21200511,0
D,47,21200512,0
D,47,21200513,0
D,47,21200514,0
D,47,21200515,0
D,47,21200516,0
D,47,21200517,0
D,47,21200518,0
D,47,21200519,0
D,47,21200520,0
D,47,21200521,0
D,47,21200522,0
D,47,21200523,0
D,47,21200524,0
D,47,21200525,0
D,47,21200526,0
D,47,21200527,0
D,47,21200528,0
D,47,21200529,0
D,47,21200530,1
D,47,21200531,2
D,47,21200601,2
D,47,21200602,9
D,47,21200603,8
D,47,21200604,15
D,47,21200605,15
D,47,21200606,21
D,47,21200607,26
D,47,21200608,65
D,47,21200609,42
D,47,21200610,62
D,47,21200611,79
D,47,21200612,105
D,47,21200613,154
D,47,21200614,170
D,47,21200615,199
D,47,21200616,223
D,47,21200617,258
D,47,21200618,268
D,47,21200619,303
D,47,21200620,210
D,47,21200621,234
D,47,21200622,329
D,47,21200623,307
D,47,21200624,353
D,47,21200625,335
D,47,21200626,313
D,47,21200627,291
D,47,21200628,219
D,47,21200629,235
D,48,21200501,0
D,48,21200502,0
D,48,21200503,0
D,48,21200504,0
D,48,21200505,0
D,48,21200506,0
D,48,21200507,0
D,48,21200508,0
D,48,21200509,0
D,48,21200510,0
D,48,21200511,0
D,48,21200512,0
D,48,21200513,0
D,48,21200514,0
D,48,21200515,0
D,48,21200516,0
D,48,21200517,0
D,48,21200518,0
D,48,21200519,0
D,48,21200520,0
D,48,21200521,0
D,48,21200522,0
D,48,21200523,0
D,48,21200524,0
D,48,21200525,0
D,48,21200526,3
D,48,21200527,3
D,48,21200528,1
D,48,21200529,9
D,48,21200530,6
D,48,21200531,17
D,48,21200601,30
D,48,21200602,31
D,48,21200603,56
D,48,21200604,32
D,48,21200605,28
D,48,21200606,53
D,48,21200607,56
D,48,21200608,122
D,48,21200609,122
D,48,21200610,109
D,48,21200611,162
D,48,21200612,191
D,48,21200613,262
D,48,21200614,308
D,48,21200615,357
D,48,21200616,392
D,48,21200617,459
D,48,21200618,419
D,48,21200619,371
D,48,21200620,285
D,48,21200621,356
D,48,21200622,385
D,48,21200623,429
D,48,21200624,441
D,48,21200625,426
D,48,21200626,415
D,48,21200627,362
D,48,21200628,304
D,48,21200629,358
D,49,21200501,0
D,49,21200502,0
D,49,21200503,0
D,49,21200504,0
D,49,21200505,0
D,49,21200506,0
D,49,21200507,0
D,49,21200508,0
D,49,21200509,0
D,49,21200510,0
D,49,21200511,0
D,49,21200512,0
D,49,21200513,0
D,49,21200514,0
D,49,21200515,0
D,49,21200516,0
D,49,21200517,0
D,49,21200518,0
D,49,21200519,0
D,49,21200520,0
D,49,21200521,0
D,49,21200522,0
D,49,21200523,0
D,49,21200524,0
D,49,21200525,0
D,49,21200526,0
D,49,21200527,0
D,49,21200528,0
D,49,21200529,0
D,49,21200530,0
D,49,21200531,0
D,49,21200601,3
D,49,21200602,6
D,49,21200603,19
D,49,21200604,15
D,49,21200605,6
D,49,21200606,1
D,49,21200607,0
D,49,21200608,20
D,49,21200609,11
D,49,21200610,12
D,49,21200611,3
D,49,21200612,10
D,49,21200613,24
D,49,21200614,32
D,49,21200615,32
D,49,21200616,32
D,49,21200617,31
D,49,21200618,34
D,49,21200619,40
D,49,21200620,51
D,49,21200621,51
D,49,21200622,68
D,49,21200623,61
D,49,21200624,63
D,49,21200625,62
D,49,21200626,62
D,49,21200627,72
D,49,21200628,44
D,49,21200629,65
D,50,21200501,0
D,50,21200502,0
D,50,21200503,0
D,50,21200504,0
D,50,21200505,0
D,50,21200506,0
D,50,21200507,0
D,50,21200508,0
D,50,21200509,0
D,50,21200510,0
D,50,21200511,0
D,50,21200512,0
D,50,21200513,0
D,50,21200514,0
D,50,21200515,0
D,50,21200516,0
D,50,21200517,0
D,50,21200518,0
D,50,21200519,0
D,50,21200520,0
D,50,21200521,0
D,50,21200522,0
D,50,21200523,0
D,50,21200524,0
D,50,21200525,0
D,50,21200526,0
D,50,21200527,0
D,50,21200528,0
D,50,21200529,6
D,50,21200530,0
D,50,21200531,1
D,50,21200601,1
D,50,21200602,2
D,50,21200603,6
D,50,21200604,2
D,50,21200605,1
D,50,21200606,4
D,50,21200607,6
D,50,21200608,7
D,50,21200609,6
D,50,21200610,9
D,50,21200611,13
D,50,21200612,12
D,50,21200613,7
D,50,21200614,17
D,50,21200615,22
D,50,21200616,28
D,50,21200617,33
D,50,21200618,23
D,50,21200619,26
D,50,21200620,10
D,50,21200621,34
D,50,21200622,32
D,50,21200623,22
D,50,21200624,26
D,50,21200625,32
D,50,21200626,40
D,50,21200627,19
D,50,21200628,17
D,50,21200629,39
D,51,21200501,0
D,51,21200502,0
D,51,21200503,0
D,51,21200504,0
D,51,21200505,0
D,51,21200506,0
D,51,21200507,0
D,51,21200508,0
D,51,21200509,0
D,51,21200510,0
D,51,21200511,0
D,51,21200512,0
D,51,21200513,0
D,51,21200514,0
D,51,21200515,0
D,51,21200516,0
D,51,21200517,0
D,51,21200518,0
D,51,21200519,0
D,51,21200520,0
D,51,21200521,0
D,51,21200522,0
D,51,21200523,0
D,51,21200524,0
D,51,21200525,0
D,51,21200526,0
D,51,21200527,0
D,51,21200528,0
D,51,21200529,0
D,51,21200530,0
D,51,21200531,0
D,51,21200601,0
D,51,21200602,0
D,51,21200603,1
D,51,21200604,0
D,51,21200605,1
D,51,21200606,0
D,51,21200607,6
D,51,21200608,1
D,51,21200609,3
D,51,21200610,1
D,51,21200611,1
D,51,21200612,3
D,51,21200613,7
D,51,21200614,3
D,51,21200615,9
D,51,21200616,15
D,51,21200617,14
D,51,21200618,14
D,51,21200619,9
D,51,21200620,24
D,51,21200621,10
D,51,21200622,6
D,51,21200623,26
D,51,21200624,18
D,51,21200625,37
D,51,21200626,52
D,51,21200627,38
D,51,21200628,21
D,51,21200629,29
D,52,21200501,0
D,52,21200502,0
D,52,21200503,0
D,52,21200504,0
D,52,21200505,0
D,52,21200506,0
D,52,21200507,0
D,52,21200508,0
D,52,21200509,0
D,52,21200510,0
D,52,21200511,0
D,52,21200512,0
D,52,21200513,0
D,52,21200514,0
D,52,21200515,0
D,52,21200516,0
D,52,21200517,0
D,52,21200518,0
D,52,21200519,0
D,52,21200520,0
D,52,21200521,0
D,52,21200522,0
D,52,21200523,0
D,52,21200524,0
D,52,21200525,0
D,52,21200526,0
D,52,21200527,0
D,52,21200528,0
D,52,21200529,0
D,52,21200530,0
D,52,21200531,0
D,52,21200601,0
D,52,21200602,0
D,52,21200603,3
D,52,21200604,16
D,52,21200605,3
D,52,21200606,2
D,52,21200607,15
D,52,21200608,16
D,52,21200609,11
D,52,21200610,8
D,52,21200611,22
D,52,21200612,54
D,52,21200613,37
D,52,21200614,39
D,52,21200615,41
D,52,21200616,44
D,52,21200617,74
D,52,21200618,87
D,52,21200619,75
D,52,21200620,68
D,52,21200621,83
D,52,21200622,100
D,52,21200623,132
D,52,21200624,103
D,52,21200625,125
D,52,21200626,148
D,52,21200627,124
D,52,21200628,96
D,52,21200629,87
D,53,21200501,0
D,53,21200502,0
D,53,21200503,0
D,53,21200504,0
D,53,21200505,0
D,53,21200506,0
D,53,21200507,0
D,53,21200508,0
D,53,21200509,0
D,53,21200510,0
D,53,21200511,0
D,53,21200512,0
D,53,21200513,0
D,53,21200514,0
D,53,21200515,0
D,53,21200516,0
D,53,21200517,0
D,53,21200518,0
D,53,21200519,0
D,53,21200520,0
D,53,21200521,0
D,53,21200522,0
D,53,21200523,0
D,53,21200524,0
D,53,21200525,0
D,53,21200526,0
D,53,21200527,2
D,53,21200528,0
D,53,21200529,2
D,53,21200530,0
D,53,21200531,0
D,53,21200601,0
D,53,21200602,1
D,53,21200603,3
D,53,21200604,7
D,53,21200605,3
D,53,21200606,2
D,53,21200607,3
D,53,21200608,6
D,53,21200609,6
D,53,21200610,3
D,53,21200611,4
D,53,21200612,3
D,53,21200613,2
D,53,21200614,9
D,53,21200615,9
D,53,21200616,10
D,53,21200617,5
D,53,21200618,7
D,53,21200619,14
D,53,21200620,6
D,53,21200621,7
D,53,21200622,13
D,53,21200623,15
D,53,21200624,14
D,53,21200625,11
D,53,21200626,10
D,53,21200627,10
D,53,21200628,20
D,53,21200629,16
D,54,21200501,0
D,54,21200502,0
D,54,21200503,0
D,54,21200504,0
D,54,21200505,0
D,54,21200506,0
D,54,21200507,0
D,54,21200508,0
D,54,21200509,0
D,54,21200510,0
D,54,21200511,0
D,54,21200512,0
D,54,21200513,0
D,54,21200514,0
D,54,21200515,0
D,54,21200516,0
D,54,21200517,0
D,54,21200518,0
D,54,21200519,0
D,54,21200520,0
D,54,21200521,0
D,54,21200522,0
D,54,21200523,0
D,54,21200524,0
D,54,21200525,0
D,54,21200526,0
D,54,21200527,0
D,54,21200528,0
D,54,21200529,0
D,54,21200530,3
D,54,21200531,1
D,54,21200601,1
D,54,21200602,0
D,54,21200603,0
D,54,21200604,2
D,54,21200605,1
D,54,21200606,2
D,54,21200607,1
D,54,21200608,4
D,54,21200609,0
D,54,21200610,0
D,54,21200611,1
D,54,21200612,2
D,54,21200613,6
D,54,21200614,4
D,54,21200615,7
D,54,21200616,10
D,54,21200617,4
D,54,21200618,2
D,54,21200619,4
D,54,21200620,12
D,54,21200621,16
D,54,21200622,13
D,54,21200623,10
D,54,21200624,26
D,54,21200625,23
D,54,21200626,21
D,54,21200627,13
D,54,21200628,17
D,54,21200629,23
D,55,21200501,0
D,55,21200502,0
D,55,21200503,0
D,55,21200504,0
D,55,21200505,0
D,55,21200506,0
D,55,21200507,0
D,55,21200508,0
D,55,21200509,0
D,55,21200510,0
D,55,21200511,0
D,55,21200512,0
D,55,21200513,0
D,55,21200514,0
D,55,21200515,0
D,55,21200516,0
D,55,21200517,0
D,55,21200518,0
D,55,21200519,0
D,55,21200520,0
D,55,21200521,0
D,55,21200522,0
D,55,21200523,0
D,55,21200524,0
D,55,21200525,1
D,55,21200526,0
D,55,21200527,0
D,55,21200528,0
D,55,21200529,0
D,55,21200530,3
D,55,21200531,5
D,55,21200601,7
D,55,21200602,8
D,55,21200603,8
D,55,21200604,10
D,55,21200605,21
D,55,21200606,4
D,55,21200607,19
D,55,21200608,29
D,55,21200609,33
D,55,21200610,35
D,55,21200611,71
D,55,21200612,87
D,55,21200613,116
D,55,21200614,96
D,55,21200615,123
D,55,21200616,144
D,55,21200617,154
D,55,21200618,134
D,55,21200619,162
D,55,21200620,151
D,55,21200621,176
D,55,21200622,134
D,55,21200623,147
D,55,21200624,169
D,55,21200625,174
D,55,21200626,180
D,55,21200627,170
D,55,21200628,152
D,55,21200629,160
D,56,21200501,0
D,56,21200502,0
D,56,21200503,0
D,56,21200504,0
D,56,21200505,0
D,56,21200506,0
D,56,21200507,0
D,56,21200508,0
D,56,21200509,0
D,56,21200510,0
D,56,21200511,0
D,56,21200512,0
D,56,21200513,0
D,56,21200514,0
D,56,21200515,0
D,56,21200516,0
D,56,21200517,0
D,56,21200518,0
D,56,21200519,0
D,56,21200520,0
D,56,21200521,0
D,56,21200522,0
D,56,21200523,0
D,56,21200524,0
D,56,21200525,0
D,56,21200526,17
D,56,21200527,0
D,56,21200528,0
D,56,21200529,0
D,56,21200530,0
D,56,21200531,0
D,56,21200601,0
D,56,21200602,2
D,56,21200603,1
D,56,21200604,6
D,56,21200605,0
D,56,21200606,1
D,56,21200607,0
D,56,21200608,3
D,56,21200609,3
D,56,21200610,0
D,56,21200611,0
D,56,21200612,3
D,56,21200613,4
D,56,21200614,0
D,56,21200615,0
D,56,21200616,2
D,56,21200617,5
D,56,21200618,0
D,56,21200619,3
D,56,21200620,0
D,56,21200621,0
D,56,21200622,0
D,56,21200623,0
D,56,21200624,3
D,56,21200625,3
D,56,21200626,4
D,56,21200627,5
D,56,21200628,2
D,56,21200629,5
D,57,21200501,0
D,57,21200502,0
D,57,21200503,0
D,57,21200504,0
D,57,21200505,0
D,57,21200506,0
D,57,21200507,0
D,57,21200508,0
D,57,21200509,0
D,57,21200510,0
D,57,21200511,0
D,57,21200512,0
D,57,21200513,0
D,57,21200514,0
D,57,21200515,0
D,57,21200516,0
D,57,21200517,0
D,57,21200518,0
D,57,21200519,0
D,57,21200520,0
D,57,21200521,0
D,57,21200522,0
D,57,21200523,0
D,57,21200524,0
D,57,21200525,2
D,57,21200526,4
D,57,21200527,3
D,57,21200528,1
D,57,21200529,0
D,57,21200530,3
D,57,21200531,0
D,57,21200601,0
D,57,21200602,1
D,57,21200603,9
D,57,21200604,6
D,57,21200605,3
D,57,21200606,3
D,57,21200607,7
D,57,21200608,7
D,57,21200609,0
D,57,21200610,10
D,57,21200611,8
D,57,21200612,16
D,57,21200613,15
D,57,21200614,7
D,57,21200615,19
D,57,21200616,30
D,57,21200617,10
D,57,21200618,26
D,57,21200619,18
D,57,21200620,20
D,57,21200621,17
D,57,21200622,12
D,57,21200623,43
D,57,21200624,35
D,57,21200625,35
D,57,21200626,35
D,57,21200627,36
D,57,21200628,45
D,57,21200629,46
D,58,21200501,0
D,58,21200502,0
D,58,21200503,0
D,58,21200504,0
D,58,21200505,0
D,58,21200506,0
D,58,21200507,0
D,58,21200508,0
D,58,21200509,0
D,58,21200510,0
D,58,21200511,0
D,58,21200512,0
D,58,21200513,0
D,58,21200514,0
D,58,21200515,0
D,58,21200516,0
D,58,21200517,0
D,58,21200518,0
D,58,21200519,0
D,58,21200520,0
D,58,21200521,0
D,58,21200522,0
D,58,21200523,0
D,58,21200524,0
D,58,21200525,0
D,58,21200526,0
D,58,21200527,0
D,58,21200528,0
D,58,21200529,0
D,58,21200530,0
D,58,21200531,0
D,58,21200601,0
D,58,21200602,0
D,58,21200603,1
D,58,21200604,0
D,58,21200605,0
D,58,21200606,4
D,58,21200607,0
D,58,21200608,0
D,58,21200609,1
D,58,21200610,0
D,58,21200611,0
D,58,21200612,0
D,58,21200613,1
D,58,21200614,1
D,58,21200615,0
D,58,21200616,0
D,58,21200617,4
D,58,21200618,7
D,58,21200619,2
D,58,21200620,2
D,58,21200621,2
D,58,21200622,6
D,58,21200623,12
D,58,21200624,7
D,58,21200625,12
D,58,21200626,21
D,58,21200627,20
D,58,21200628,7
D,58,21200629,10
D,59,21200501,0
D,59,21200502,0
D,59,21200503,0
D,59,21200504,0
D,59,21200505,0
D,59,21200506,0
D,59,21200507,0
D,59,21200508,0
D,59,21200509,0
D,59,21200510,0
D,59,21200511,0
D,59,21200512,0
D,59,21200513,0
D,59,21200514,0
D,59,21200515,0
D,59,21200516,0
D,59,21200517,0
D,59,21200518,0
D,59,21200519,0
D,59,21200520,0
D,59,21200521,0
D,59,21200522,0
D,59,21200523,0
D,59,21200524,0
D,59,21200525,0
D,59,21200526,0
D,59,21200527,0
D,59,21200528,0
D,59,21200529,0
D,59,21200530,3
D,59,21200531,0
D,59,21200601,0
D,59,21200602,0
D,59,21200603,5
D,59,21200604,8
D,59,21200605,6
D,59,21200606,6
D,59,21200607,7
D,59,21200608,9
D,59,21200609,13
D,59,21200610,6
D,59,21200611,7
D,59,21200612,13
D,59,21200613,21
D,59,21200614,24
D,59,21200615,31
D,59,21200616,36
D,59,21200617,17
D,59,21200618,36
D,59,21200619,50
D,59,21200620,46
D,59,21200621,24
D,59,21200622,54
D,59,21200623,65
D,59,21200624,98
D,59,21200625,99
D,59,21200626,100
D,59,21200627,97
D,59,21200628,111
D,59,21200629,91
D,60,21200501,0
D,60,21200502,0
D,60,21200503,0
D,60,21200504,0
D,60,21200505,0
D,60,21200506,0
D,60,21200507,0
D,60,21200508,0
D,60,21200509,0
D,60,21200510,0
D,60,21200511,0
D,60,21200512,0
D,60,21200513,0
D,60,21200514,0
D,60,21200515,0
D,60,21200516,0
D,60,21200517,0
D,60,21200518,0
D,60,21200519,0
D,60,21200520,0
D,60,21200521,0
D,60,21200522,0
D,60,21200523,0
D,60,21200524,0
D,60,21200525,0
D,60,21200526,0
D,60,21200527,0
D,60,21200528,0
D,60,21200529,0
D,60,21200530,0
D,60,21200531,0
D,60,21200601,1
D,60,21200602,0
D,60,21200603,0
D,60,21200604,18
D,60,21200605,13
D,60,21200606,15
D,60,21200607,5
D,60,21200608,19
D,60,21200609,21
D,60,21200610,22
D,60,21200611,31
D,60,21200612,55
D,60,21200613,79
D,60,21200614,66
D,60,21200615,69
D,60,21200616,75
D,60,21200617,134
D,60,21200618,135
D,60,21200619,137
D,60,21200620,133
D,60,21200621,157
D,60,21200622,157
D,60,21200623,189
D,60,21200624,166
D,60,21200625,176
D,60,21200626,185
D,60,21200627,147
D,60,21200628,182
D,60,21200629,170
D,61,21200501,0
D,61,21200502,0
D,61,21200503,0
D,61,21200504,0
D,61,21200505,0
D,61,21200506,0
D,61,21200507,0
D,61,21200508,0
D,61,21200509,0
D,61,21200510,0
D,61,21200511,0
D,61,21200512,0
D,61,21200513,0
D,61,21200514,0
D,61,21200515,0
D,61,21200516,0
D,61,21200517,0
D,61,21200518,0
D,61,21200519,0
D,61,21200520,0
D,61,21200521,0
D,61,21200522,0
D,61,21200523,0
D,61,21200524,0
D,61,21200525,0
D,61,21200526,0
D,61,21200527,0
D,61,21200528,0
D,61,21200529,0
D,61,21200530,1
D,61,21200531,0
D,61,21200601,0
D,61,21200602,2
D,61,21200603,0
D,61,21200604,7
D,61,21200605,12
D,61,21200606,12
D,61,21200607,9
D,61,21200608,8
D,61,21200609,8
D,61,21200610,19
D,61,21200611,19
D,61,21200612,30
D,61,21200613,26
D,61,21200614,41
D,61,21200615,52
D,61,21200616,61
D,61,21200617,68
D,61,21200618,72
D,61,21200619,97
D,61,21200620,60
D,61,21200621,110
D,61,21200622,131
D,61,21200623,121
D,61,21200624,134
D,61,21200625,154
D,61,21200626,176
D,61,21200627,164
D,61,21200628,143
D,61,21200629,143
D,62,21200501,0
D,62,21200502,0
D,62,21200503,0
D,62,21200504,0
D,62,21200505,0
D,62,21200506,0
D,62,21200507,0
D,62,21200508,0
D,62,21200509,0
D,62,21200510,0
D,62,21200511,0
D,62,21200512,0
D,62,21200513,0
D,62,21200514,0
D,62,21200515,0
D,62,21200516,0
D,62,21200517,0
D,62,21200518,0
D,62,21200519,0
D,62,21200520,0
D,62,21200521,0
D,62,21200522,0
D,62,21200523,0
D,62,21200524,0
D,62,21200525,0
D,62,21200526,0
D,62,21200527,0
D,62,21200528,0
D,62,21200529,0
D,62,21200530,0
D,62,21200531,0
D,62,21200601,0
D,62,21200602,0
D,62,21200603,0
D,62,21200604,0
D,62,21200605,3
D,62,21200606,2
D,62,21200607,1
D,62,21200608,8
D,62,21200609,2
D,62,21200610,2
D,62,21200611,2
D,62,21200612,2
D,62,21200613,18
D,62,21200614,10
D,62,21200615,18
D,62,21200616,24
D,62,21200617,35
D,62,21200618,29
D,62,21200619,25
D,62,21200620,31
D,62,21200621,67
D,62,21200622,77
D,62,21200623,89
D,62,21200624,93
D,62,21200625,87
D,62,21200626,81
D,62,21200627,96
D,62,21200628,120
D,62,21200629,95
D,63,21200501,0
D,63,21200502,0
D,63,21200503,0
D,63,21200504,0
D,63,21200505,0
D,63,21200506,0
D,63,21200507,0
D,63,21200508,0
D,63,21200509,0
D,63,21200510,0
D,63,21200511,0
D,63,21200512,0
D,63,21200513,0
D,63,21200514,0
D,63,21200515,0
D,63,21200516,0
D,63,21200517,0
D,63,21200518,0
D,63,21200519,0
D,63,21200520,0
D,63,21200521,0
D,63,21200522,0
D,63,21200523,0
D,63,21200524,0
D,63,21200525,0
D,63,21200526,0
D,63,21200527,0
D,63,21200528,0
D,63,21200529,0
D,63,21200530,0
D,63,21200531,0
D,63,21200601,0
D,63,21200602,0
D,63,21200603,0
D,63,21200604,2
D,63,21200605,8
D,63,21200606,0
D,63,21200607,4
D,63,21200608,19
D,63,21200609,11
D,63,21200610,9
D,63,21200611,41
D,63,21200612,40
D,63,21200613,59
D,63,21200614,40
D,63,21200615,83
D,63,21200616,114
D,63,21200617,121
D,63,21200618,107
D,63,21200619,100
D,63,21200620,77
D,63,21200621,84
D,63,21200622,113
D,63,21200623,113
D,63,21200624,128
D,63,21200625,125
D,63,21200626,124
D,63,21200627,103
D,63,21200628,68
D,63,21200629,129
D,64,21200501,0
D,64,21200502,0
D,64,21200503,0
D,64,21200504,0
D,64,21200505,0
D,64,21200506,0
D,64,21200507,0
D,64,21200508,0
D,64,21200509,0
D,64,21200510,0
D,64,21200511,0
D,64,21200512,0
D,64,21200513,0
D,64,21200514,0
D,64,21200515,0
D,64,21200516,0
D,64,21200517,0
D,64,21200518,0
D,64,21200519,0
D,64,21200520,0
D,64,21200521,0
D,64,21200522,0
D,64,21200523,0
D,64,21200524,0
D,64,21200525,0
D,64,21200526,0
D,64,21200527,0
D,64,21200528,0
D,64,21200529,0
D,64,21200530,0
D,64,21200531,0
D,64,21200601,0
D,64,21200602,0
D,64,21200603,0
D,64,21200604,0
D,64,21200605,0
D,64,21200606,0
D,64,21200607,1
D,64,21200608,0
D,64,21200609,0
D,64,21200610,0
D,64,21200611,0
D,64,21200612,0
D,64,21200613,0
D,64,21200614,3
D,64,21200615,1
D,64,21200616,0
D,64,21200617,0
D,64,21200618,0
D,64,21200619,0
D,64,21200620,2
D,64,21200621,0
D,64,21200622,0
D,64,21200623,3
D,64,21200624,1
D,64,21200625,0
D,64,21200626,0
D,64,21200627,0
D,64,21200628,2
D,64,21200629,3
D,65,21200501,0
D,65,21200502,0
D,65,21200503,0
D,65,21200504,0
D,65,21200505,0
D,65,21200506,0
D,65,21200507,0
D,65,21200508,0
D,65,21200509,0
D,65,21200510,0
D,65,21200511,0
D,65,21200512,0
D,65,21200513,0
D,65,21200514,0
D,65,21200515,0
D,65,21200516,0
D,65,21200517,0
D,65,21200518,0
D,65,21200519,0
D,65,21200520,0
D,65,21200521,0
D,65,21200522,0
D,65,21200523,0
D,65,21200524,0
D,65,21200525,0
D,65,21200526,0
D,65,21200527,0
D,65,21200528,0
D,65,21200529,0
D,65,21200530,0
D,65,21200531,1
D,65,21200601,0
D,65,21200602,1
D,65,21200603,2
D,65,21200604,3
D,65,21200605,7
D,65,21200606,7
D,65,21200607,14
D,65,21200608,7
D,65,21200609,14
D,65,21200610,16
D,65,21200611,37
D,65,21200612,43
D,65,21200613,50
D,65,21200614,54
D,65,21200615,61
D,65,21200616,73
D,65,21200617,96
D,65,21200618,58
D,65,21200619,63
D,65,21200620,65
D,65,21200621,112
D,65,21200622,95
D,65,21200623,81
D,65,21200624,137
D,65,21200625,126
D,65,21200626,116
D,65,21200627,113
D,65,21200628,89
D,65,21200629,84
D,66,21200501,0
D,66,21200502,0
D,66,21200503,0
D,66,21200504,0
D,66,21200505,0
D,66,21200506,0
D,66,21200507,0
D,66,21200508,0
D,66,21200509,0
D,66,21200510,0
D,66,21200511,0
D,66,21200512,0
D,66,21200513,0
D,66,21200514,0
D,66,21200515,0
D,66,21200516,0
D,66,21200517,0
D,66,21200518,0
D,66,21200519,0
D,66,21200520,0
D,66,21200521,0
D,66,21200522,0
D,66,21200523,0
D,66,21200524,0
D,66,21200525,0
D,66,21200526,0
D,66,21200527,0
D,66,21200528,0
D,66,21200529,0
D,66,21200530,0
D,66,21200531,0
D,66,21200601,0
D,66,21200602,0
D,66,21200603,0
D,66,21200604,1
D,66,21200605,0
D,66,21200606,0
D,66,21200607,0
D,66,21200608,0
D,66,21200609,0
D,66,21200610,3
D,66,21200611,2
D,66,21200612,1
D,66,21200613,2
D,66,21200614,2
D,66,21200615,1
D,66,21200616,1
D,66,21200617,2
D,66,21200618,12
D,66,21200619,6
D,66,21200620,10
D,66,21200621,15
D,66,21200622,6
D,66,21200623,19
D,66,21200624,19
D,66,21200625,16
D,66,21200626,15
D,66,21200627,16
D,66,21200628,28
D,66,21200629,55
D,67,21200501,0
D,67,21200502,0
D,67,21200503,0
D,67,21200504,0
D,67,21200505,0
D,67,21200506,0
D,67,21200507,0
D,67,21200508,0
D,67,21200509,0
D,67,21200510,0
D,67,21200511,0
D,67,21200512,0
D,67,21200513,0
D,67,21200514,0
D,67,21200515,0
D,67,21200516,0
D,67,21200517,0
D,67,21200518,0
D,67,21200519,0
D,67,21200520,0
D,67,21200521,0
D,67,21200522,0
D,67,21200523,0
D,67,21200524,0
D,67,21200525,0
D,67,21200526,0
D,67,21200527,0
D,67,21200528,0
D,67,21200529,28
D,67,21200530,1
D,67,21200531,45
D,67,21200601,20
D,67,21200602,62
D,67,21200603,153
D,67,21200604,152
D,67,21200605,46
D,67,21200606,35
D,67,21200607,71
D,67,21200608,55
D,67,21200609,34
D,67,21200610,27
D,67,21200611,41
D,67,21200612,28
D,67,21200613,75
D,67,21200614,44
D,67,21200615,52
D,67,21200616,60
D,67,21200617,99
D,67,21200618,65
D,67,21200619,79
D,67,21200620,60
D,67,21200621,55
D,67,21200622,59
D,67,21200623,91
D,67,21200624,101
D,67,21200625,89
D,67,21200626,73
D,67,21200627,63
D,67,21200628,69
D,67,21200629,82
D,68,21200501,0
D,68,21200502,0
D,68,21200503,0
D,68,21200504,0
D,68,21200505,0
D,68,21200506,0
D,68,21200507,0
D,68,21200508,0
D,68,21200509,0
D,68,21200510,0
D,68,21200511,0
D,68,21200512,0
D,68,21200513,0
D,68,21200514,0
D,68,21200515,0
D,68,21200516,0
D,68,21200517,0
D,68,21200518,0
D,68,21200519,0
D,68,21200520,0
D,68,21200521,0
D,68,21200522,0
D,68,21200523,0
D,68,21200524,0
D,68,21200525,0
D,68,21200526,0
D,68,21200527,0
D,68,21200528,0
D,68,21200529,0
D,68,21200530,0
D,68,21200531,0
D,68,21200601,0
D,68,21200602,2
D,68,21200603,1
D,68,21200604,0
D,68,21200605,1
D,68,21200606,9
D,68,21200607,3
D,68,21200608,2
D,68,21200609,1
D,68,21200610,4
D,68,21200611,2
D,68,21200612,3
D,68,21200613,7
D,68,21200614,13
D,68,21200615,10
D,68,21200616,8
D,68,21200617,9
D,68,21200618,8
D,68,21200619,26
D,68,21200620,22
D,68,21200621,11
D,68,21200622,19
D,68,21200623,26
D,68,21200624,31
D,68,21200625,27
D,68,21200626,24
D,68,21200627,13
D,68,21200628,28
D,68,21200629,30
D,69,21200501,0
D,69,21200502,0
D,69,21200503,0
D,69,21200504,0
D,69,21200505,0
D,69,21200506,0
D,69,21200507,0
D,69,21200508,0
D,69,21200509,0
D,69,21200510,0
D,69,21200511,0
D,69,21200512,0
D,69,21200513,0
D,69,21200514,0
D,69,21200515,0
D,69,21200516,0
D,69,21200517,0
D,69,21200518,0
D,69,21200519,0
D,69,21200520,0
D,69,21200521,0
D,69,21200522,0
D,69,21200523,0
D,69,21200524,0
D,69,21200525,0
D,69,21200526,0
D,69,21200527,1
D,69,21200528,0
D,69,21200529,3
D,69,21200530,0
D,69,21200531,0
D,69,21200601,0
D,69,21200602,7
D,69,21200603,0
D,69,21200604,3
D,69,21200605,13
D,69,21200606,1
D,69,21200607,5
D,69,21200608,1
D,69,21200609,11
D,69,21200610,11
D,69,21200611,8
D,69,21200612,12
D,69,21200613,16
D,69,21200614,24
D,69,21200615,27
D,69,21200616,31
D,69,21200617,15
D,69,21200618,33
D,69,21200619,51
D,69,21200620,43
D,69,21200621,49
D,69,21200622,42
D,69,21200623,64
D,69,21200624,69
D,69,21200625,93
D,69,21200626,110
D,69,21200627,97
D,69,21200628,66
D,69,21200629,58
D,70,21200501,0
D,70,21200502,0
D,70,21200503,0
D,70,21200504,0
D,70,21200505,0
D,70,21200506,0
D,70,21200507,0
D,70,21200508,0
D,70,21200509,0
D,70,21200510,0
D,70,21200511,0
D,70,21200512,0
D,70,21200513,0
D,70,21200514,0
D,70,21200515,0
D,70,21200516,0
D,70,21200517,0
D,70,21200518,0
D,70,21200519,0
D,70,21200520,0
D,70,21200521,0
D,70,21200522,0
D,70,21200523,0
D,70,21200524,0
D,70,21200525,0
D,70,21200526,3
D,70,21200527,1
D,70,21200528,0
D,70,21200529,1
D,70,21200530,2
D,70,21200531,0
D,70,21200601,6
D,70,21200602,6
D,70,21200603,19
D,70,21200604,18
D,70,21200605,10
D,70,21200606,7
D,70,21200607,12
D,70,21200608,14
D,70,21200609,1
D,70,21200610,11
D,70,21200611,20
D,70,21200612,29
D,70,21200613,19
D,70,21200614,30
D,70,21200615,39
D,70,21200616,53
D,70,21200617,62
D,70,21200618,54
D,70,21200619,78
D,70,21200620,31
D,70,21200621,45
D,70,21200622,70
D,70,21200623,103
D,70,21200624,100
D,70,21200625,91
D,70,21200626,84
D,70,21200627,41
D,70,21200628,39
D,70,21200629,90
D,71,21200501,0
D,71,21200502,0
D,71,21200503,0
D,71,21200504,0
D,71,21200505,0
D,71,21200506,0
D,71,21200507,0
D,71,21200508,0
D,71,21200509,0
D,71,21200510,0
D,71,21200511,0
D,71,21200512,0
D,71,21200513,0
D,71,21200514,0
D,71,21200515,0
D,71,21200516,0
D,71,21200517,0
D,71,21200518,0
D,71,21200519,0
D,71,21200520,0
D,71,21200521,0
D,71,21200522,0
D,71,21200523,0
D,71,21200524,0
D,71,21200525,0
D,71,21200526,0
D,71,21200527,0
D,71,21200528,1
D,71,21200529,0
D,71,21200530,5
D,71,21200531,5
D,71,21200601,10
D,71,21200602,19
D,71,21200603,3
D,71,21200604,12
D,71,21200605,1
D,71,21200606,13
D,71,21200607,21
D,71,21200608,12
D,71,21200609,15
D,71,21200610,6
D,71,21200611,27
D,71,21200612,28
D,71,21200613,35
D,71,21200614,36
D,71,21200615,32
D,71,21200616,29
D,71,21200617,38
D,71,21200618,42
D,71,21200619,45
D,71,21200620,32
D,71,21200621,39
D,71,21200622,58
D,71,21200623,55
D,71,21200624,62
D,71,21200625,57
D,71,21200626,52
D,71,21200627,53
D,71,21200628,53
D,71,21200629,60
D,72,21200501,0
D,72,21200502,0
D,72,21200503,0
D,72,21200504,0
D,72,21200505,0
D,72,21200506,0
D,72,21200507,0
D,72,21200508,0
D,72,21200509,0
D,72,21200510,0
D,72,21200511,0
D,72,21200512,0
D,72,21200513,0
D,72,21200514,0
D,72,21200515,0
D,72,21200516,0
D,72,21200517,0
D,72,21200518,0
D,72,21200519,0
D,72,21200520,0
D,72,21200521,0
D,72,21200522,0
D,72,21200523,0
D,72,21200524,0
D,72,21200525,0
D,72,21200526,0
D,72,21200527,0
D,72,21200528,0
D,72,21200529,1
D,72,21200530,1
D,72,21200531,8
D,72,21200601,0
D,72,21200602,20
D,72,21200603,13
D,72,21200604,8
D,72,21200605,34
D,72,21200606,11
D,72,21200607,22
D,72,21200608,23
D,72,21200609,13
D,72,21200610,10
D,72,21200611,12
D,72,21200612,16
D,72,21200613,25
D,72,21200614,37
D,72,21200615,40
D,72,21200616,45
D,72,21200617,65
D,72,21200618,33
D,72,21200619,37
D,72,21200620,57
D,72,21200621,35
D,72,21200622,47
D,72,21200623,54
D,72,21200624,62
D,72,21200625,50
D,72,21200626,43
D,72,21200627,46
D,72,21200628,38
D,72,21200629,42
D,73,21200501,0
D,73,21200502,0
D,73,21200503,0
D,73,21200504,0
D,73,21200505,0
D,73,21200506,0
D,73,21200507,0
D,73,21200508,0
D,73,21200509,0
D,73,21200510,0
D,73,21200511,0
D,73,21200512,0
D,73,21200513,0
D,73,21200514,0
D,73,21200515,0
D,73,21200516,0
D,73,21200517,0
D,73,21200518,0
D,73,21200519,0
D,73,21200520,0
D,73,21200521,0
D,73,21200522,0
D,73,21200523,0
D,73,21200524,0
D,73,21200525,0
D,73,21200526,0
D,73,21200527,0
D,73,21200528,0
D,73,21200529,0
D,73,21200530,2
D,73,21200531,3
D,73,21200601,1
D,73,21200602,2
D,73,21200603,3
D,73,21200604,18
D,73,21200605,8
D,73,21200606,8
D,73,21200607,14
D,73,21200608,23
D,73,21200609,25
D,73,21200610,27
D,73,21200611,37
D,73,21200612,55
D,73,21200613,51
D,73,21200614,80
D,73,21200615,97
D,73,21200616,114
D,73,21200617,131
D,73,21200618,88
D,73,21200619,175
D,73,21200620,113
D,73,21200621,167
D,73,21200622,146
D,73,21200623,179
D,73,21200624,176
D,73,21200625,171
D,73,21200626,165
D,73,21200627,151
D,73,21200628,124
D,73,21200629,140
D,74,21200501,0
D,74,21200502,0
D,74,21200503,0
D,74,21200504,0
D,74,21200505,0
D,74,21200506,0
D,74,21200507,0
D,74,21200508,0
D,74,21200509,0
D,74,21200510,0
D,74,21200511,0
D,74,21200512,0
D,74,21200513,0
D,74,21200514,0
D,74,21200515,0
D,74,21200516,0
D,74,21200517,0
D,74,21200518,0
D,74,21200519,0
D,74,21200520,0
D,74,21200521,0
D,74,21200522,0
D,74,21200523,0
D,74,21200524,0
D,74,21200525,0
D,74,21200526,0
D,74,21200527,0
D,74,21200528,0
D,74,21200529,5
D,74,21200530,0
D,74,21200531,6
D,74,21200601,4
D,74,21200602,2
D,74,21200603,15
D,74,21200604,32
D,74,21200605,40
D,74,21200606,13
D,74,21200607,16
D,74,21200608,20
D,74,21200609,20
D,74,21200610,33
D,74,21200611,31
D,74,21200612,33
D,74,21200613,21
D,74,21200614,58
D,74,21200615,64
D,74,21200616,70
D,74,21200617,44
D,74,21200618,54
D,74,21200619,39
D,74,21200620,40
D,74,21200621,74
D,74,21200622,53
D,74,21200623,80
D,74,21200624,68
D,74,21200625,69
D,74,21200626,71
D,74,21200627,62
D,74,21200628,38
D,74,21200629,48
