I,0,21200501,0
I,0,21200502,0
I,0,21200503,0
I,0,21200504,0
I,0,21200505,0
I,0,21200506,0
I,0,21200507,0
I,0,21200508,0
I,0,21200509,0
I,0,21200510,0
I,0,21200511,0
I,0,21200512,0
I,0,21200513,0
I,0,21200514,0
I,0,21200515,0
I,0,21200516,0
I,0,21200517,0
I,0,21200518,0
I,0,21200519,0
I,0,21200520,0
I,0,21200521,0
I,0,21200522,0
I,0,21200523,0
I,0,21200524,5
I,0,21200525,0
I,0,21200526,0
I,0,21200527,0
I,0,21200528,1
I,0,21200529,0
I,0,21200530,0
I,0,21200531,4
I,0,21200601,12
I,0,21200602,8
I,0,21200603,18
I,0,21200604,36
I,0,21200605,19
I,0,21200606,35
I,0,21200607,41
I,0,21200608,30
I,0,21200609,39
I,0,21200610,36
I,0,21200611,33
I,0,21200612,28
I,0,21200613,31
I,0,21200614,24
I,0,21200615,26
I,0,21200616,29
I,0,21200617,20
I,0,21200618,15
I,0,21200619,10
I,0,21200620,4
I,0,21200621,20
I,0,21200622,7
I,0,21200623,4
I,0,21200624,8
I,0,21200625,5
I,0,21200626,3
I,0,21200627,1
I,0,21200628,7
I,0,21200629,1
I,1,21200501,0
I,1,21200502,0
I,1,21200503,0
I,1,21200504,0
I,1,21200505,0
I,1,21200506,0
I,1,21200507,0
I,1,21200508,0
I,1,21200509,0
I,1,21200510,0
I,1,21200511,0
I,1,21200512,0
I,1,21200513,0
I,1,21200514,0
I,1,21200515,0
I,1,21200516,0
I,1,21200517,0
I,1,21200518,0
I,1,21200519,0
I,1,21200520,0
I,1,21200521,0
I,1,21200522,0
I,1,21200523,0
I,1,21200524,2
I,1,21200525,7
I,1,21200526,0
I,1,21200527,9
I,1,21200528,18
I,1,21200529,1
I,1,21200530,15
I,1,21200531,32
I,1,21200601,64
I,1,21200602,45
I,1,21200603,90
I,1,21200604,135
I,1,21200605,53
I,1,21200606,60
I,1,21200607,49
I,1,21200608,79
I,1,21200609,65
I,1,21200610,84
I,1,21200611,103
I,1,21200612,77
I,1,21200613,72
I,1,21200614,112
I,1,21200615,92
I,1,21200616,74
I,1,21200617,90
I,1,21200618,51
I,1,21200619,48
I,1,21200620,19
I,1,21200621,36
I,1,21200622,36
I,1,21200623,22
I,1,21200624,36
I,1,21200625,21
I,1,21200626,1
I,1,21200627,7
I,1,21200628,4
I,1,21200629,5
I,2,21200501,0
I,2,21200502,0
I,2,21200503,0
I,2,21200504,0
I,2,21200505,0
I,2,21200506,0
I,2,21200507,0
I,2,21200508,0
I,2,21200509,0
I,2,21200510,0
I,2,21200511,0
I,2,21200512,0
I,2,21200513,0
I,2,21200514,0
I,2,21200515,0
I,2,21200516,0
I,2,21200517,0
I,2,21200518,0
I,2,21200519,0
I,2,21200520,0
I,2,21200521,0
I,2,21200522,0
I,2,21200523,0
I,2,21200524,0
I,2,21200525,0
I,2,21200526,0
I,2,21200527,0
I,2,21200528,4
I,2,21200529,5
I,2,21200530,6
I,2,21200531,3
I,2,21200601,28
I,2,21200602,21
I,2,21200603,36
I,2,21200604,38
I,2,21200605,33
I,2,21200606,52
I,2,21200607,52
I,2,21200608,40
I,2,21200609,27
I,2,21200610,25
I,2,21200611,16
I,2,21200612,54
I,2,21200613,46
I,2,21200614,37
I,2,21200615,33
I,2,21200616,27
I,2,21200617,26
I,2,21200618,39
I,2,21200619,20
I,2,21200620,15
I,2,21200621,8
I,2,21200622,19
I,2,21200623,16
I,2,21200624,13
I,2,21200625,8
I,2,21200626,2
I,2,21200627,9
I,2,21200628,5
I,2,21200629,0
I,3,21200501,0
I,3,21200502,0
I,3,21200503,0
I,3,21200504,0
I,3,21200505,0
I,3,21200506,0
I,3,21200507,0
I,3,21200508,0
I,3,21200509,0
I,3,21200510,0
I,3,21200511,0
I,3,21200512,0
I,3,21200513,0
I,3,21200514,0
I,3,21200515,0
I,3,21200516,0
I,3,21200517,0
I,3,21200518,0
I,3,21200519,0
I,3,21200520,0
I,3,21200521,0
I,3,21200522,0
I,3,21200523,0
I,3,21200524,0
I,3,21200525,1
I,3,21200526,4
I,3,21200527,2
I,3,21200528,0
I,3,21200529,10
I,3,21200530,15
I,3,21200531,26
I,3,21200601,55
I,3,21200602,100
I,3,21200603,107
I,3,21200604,170
I,3,21200605,49
I,3,21200606,92
I,3,21200607,88
I,3,21200608,131
I,3,21200609,98
I,3,21200610,88
I,3,21200611,83
I,3,21200612,103
I,3,21200613,117
I,3,21200614,105
I,3,21200615,88
I,3,21200616,76
I,3,21200617,89
I,3,21200618,60
I,3,21200619,53
I,3,21200620,31
I,3,21200621,25
I,3,21200622,45
I,3,21200623,50
I,3,21200624,18
I,3,21200625,13
I,3,21200626,7
I,3,21200627,6
I,3,21200628,7
I,3,21200629,3
I,4,21200501,0
I,4,21200502,0
I,4,21200503,0
I,4,21200504,0
I,4,21200505,0
I,4,21200506,0
I,4,21200507,0
I,4,21200508,0
I,4,21200509,0
I,4,21200510,0
I,4,21200511,0
I,4,21200512,0
I,4,21200513,0
I,4,21200514,0
I,4,21200515,0
I,4,21200516,0
I,4,21200517,0
I,4,21200518,0
I,4,21200519,0
I,4,21200520,0
I,4,21200521,0
I,4,21200522,1
I,4,21200523,6
I,4,21200524,3
I,4,21200525,1
I,4,21200526,6
I,4,21200527,17
I,4,21200528,17
I,4,21200529,34
I,4,21200530,72
I,4,21200531,89
I,4,21200601,129
I,4,21200602,234
I,4,21200603,325
I,4,21200604,503
I,4,21200605,219
I,4,21200606,185
I,4,21200607,248
I,4,21200608,393
I,4,21200609,339
I,4,21200610,356
I,4,21200611,233
I,4,21200612,261
I,4,21200613,299
I,4,21200614,311
I,4,21200615,250
I,4,21200616,189
I,4,21200617,155
I,4,21200618,154
I,4,21200619,135
I,4,21200620,54
I,4,21200621,67
I,4,21200622,87
I,4,21200623,58
I,4,21200624,45
I,4,21200625,30
I,4,21200626,12
I,4,21200627,14
I,4,21200628,6
I,4,21200629,5
I,5,21200501,0
I,5,21200502,0
I,5,21200503,0
I,5,21200504,0
I,5,21200505,0
I,5,21200506,0
I,5,21200507,0
I,5,21200508,0
I,5,21200509,0
I,5,21200510,0
I,5,21200511,0
I,5,21200512,0
I,5,21200513,0
I,5,21200514,0
I,5,21200515,0
I,5,21200516,0
I,5,21200517,0
I,5,21200518,0
I,5,21200519,0
I,5,21200520,0
I,5,21200521,0
I,5,21200522,0
I,5,21200523,0
I,5,21200524,0
I,5,21200525,0
I,5,21200526,0
I,5,21200527,3
I,5,21200528,0
I,5,21200529,3
I,5,21200530,14
I,5,21200531,29
I,5,21200601,58
I,5,21200602,105
I,5,21200603,106
I,5,21200604,134
I,5,21200605,37
I,5,21200606,54
I,5,21200607,65
I,5,21200608,124
I,5,21200609,79
I,5,21200610,80
I,5,21200611,51
I,5,21200612,69
I,5,21200613,87
I,5,21200614,77
I,5,21200615,61
I,5,21200616,47
I,5,21200617,52
I,5,21200618,54
I,5,21200619,44
I,5,21200620,16
I,5,21200621,20
I,5,21200622,20
I,5,21200623,18
I,5,21200624,7
I,5,21200625,7
I,5,21200626,8
I,5,21200627,1
I,5,21200628,8
I,5,21200629,1
I,6,21200501,0
I,6,21200502,0
I,6,21200503,0
I,6,21200504,0
I,6,21200505,0
I,6,21200506,0
I,6,21200507,0
I,6,21200508,0
I,6,21200509,0
I,6,21200510,0
I,6,21200511,0
I,6,21200512,0
I,6,21200513,0
I,6,21200514,0
I,6,21200515,0
I,6,21200516,0
I,6,21200517,0
I,6,21200518,0
I,6,21200519,0
I,6,21200520,0
I,6,21200521,1
I,6,21200522,2
I,6,21200523,2
I,6,21200524,2
I,6,21200525,12
I,6,21200526,10
I,6,21200527,1
I,6,21200528,10
I,6,21200529,6
I,6,21200530,14
I,6,21200531,14
I,6,21200601,14
I,6,21200602,33
I,6,21200603,46
I,6,21200604,115
I,6,21200605,41
I,6,21200606,36
I,6,21200607,71
I,6,21200608,101
I,6,21200609,97
I,6,21200610,71
I,6,21200611,47
I,6,21200612,70
I,6,21200613,78
I,6,21200614,77
I,6,21200615,76
I,6,21200616,76
I,6,21200617,32
I,6,21200618,40
I,6,21200619,54
I,6,21200620,15
I,6,21200621,21
I,6,21200622,16
I,6,21200623,11
I,6,21200624,6
I,6,21200625,6
I,6,21200626,6
I,6,21200627,2
I,6,21200628,1
I,6,21200629,2
I,7,21200501,0
I,7,21200502,0
I,7,21200503,0
I,7,21200504,0
I,7,21200505,0
I,7,21200506,0
I,7,21200507,0
I,7,21200508,0
I,7,21200509,0
I,7,21200510,0
I,7,21200511,0
I,7,21200512,0
I,7,21200513,0
I,7,21200514,0
I,7,21200515,0
I,7,21200516,0
I,7,21200517,0
I,7,21200518,0
I,7,21200519,0
I,7,21200520,0
I,7,21200521,0
I,7,21200522,0
I,7,21200523,0
I,7,21200524,0
I,7,21200525,0
I,7,21200526,0
I,7,21200527,0
I,7,21200528,1
I,7,21200529,2
I,7,21200530,2
I,7,21200531,8
I,7,21200601,20
I,7,21200602,33
I,7,21200603,67
I,7,21200604,95
I,7,21200605,48
I,7,21200606,83
I,7,21200607,109
I,7,21200608,158
I,7,21200609,159
I,7,21200610,157
I,7,21200611,138
I,7,21200612,119
I,7,21200613,175
I,7,21200614,131
I,7,21200615,134
I,7,21200616,138
I,7,21200617,131
I,7,21200618,117
I,7,21200619,91
I,7,21200620,71
I,7,21200621,80
I,7,21200622,74
I,7,21200623,84
I,7,21200624,48
I,7,21200625,32
I,7,21200626,12
I,7,21200627,16
I,7,21200628,8
I,7,21200629,6
I,8,21200501,0
I,8,21200502,0
I,8,21200503,0
I,8,21200504,0
I,8,21200505,0
I,8,21200506,0
I,8,21200507,0
I,8,21200508,0
I,8,21200509,0
I,8,21200510,0
I,8,21200511,0
I,8,21200512,0
I,8,21200513,0
I,8,21200514,0
I,8,21200515,0
I,8,21200516,0
I,8,21200517,0
I,8,21200518,0
I,8,21200519,0
I,8,21200520,0
I,8,21200521,0
I,8,21200522,0
I,8,21200523,0
I,8,21200524,0
I,8,21200525,0
I,8,21200526,0
I,8,21200527,0
I,8,21200528,0
I,8,21200529,0
I,8,21200530,0
I,8,21200531,0
I,8,21200601,0
I,8,21200602,0
I,8,21200603,3
I,8,21200604,0
I,8,21200605,0
I,8,21200606,5
I,8,21200607,2
I,8,21200608,10
I,8,21200609,6
I,8,21200610,2
I,8,21200611,0
I,8,21200612,0
I,8,21200613,2
I,8,21200614,2
I,8,21200615,2
I,8,21200616,3
I,8,21200617,0
I,8,21200618,5
I,8,21200619,0
I,8,21200620,0
I,8,21200621,4
I,8,21200622,4
I,8,21200623,2
I,8,21200624,4
I,8,21200625,2
I,8,21200626,0
I,8,21200627,0
I,8,21200628,0
I,8,21200629,0
I,9,21200501,0
I,9,21200502,0
I,9,21200503,0
I,9,21200504,0
I,9,21200505,0
I,9,21200506,0
I,9,21200507,0
I,9,21200508,0
I,9,21200509,0
I,9,21200510,0
I,9,21200511,0
I,9,21200512,0
I,9,21200513,0
I,9,21200514,0
I,9,21200515,0
I,9,21200516,0
I,9,21200517,0
I,9,21200518,0
I,9,21200519,0
I,9,21200520,0
I,9,21200521,0
I,9,21200522,0
I,9,21200523,0
I,9,21200524,0
I,9,21200525,0
I,9,21200526,7
I,9,21200527,1
I,9,21200528,8
I,9,21200529,7
I,9,21200530,29
I,9,21200531,69
I,9,21200601,49
I,9,21200602,67
I,9,21200603,109
I,9,21200604,221
I,9,21200605,76
I,9,21200606,75
I,9,21200607,83
I,9,21200608,123
I,9,21200609,135
I,9,21200610,129
I,9,21200611,83
I,9,21200612,86
I,9,21200613,111
I,9,21200614,104
I,9,21200615,86
I,9,21200616,64
I,9,21200617,69
I,9,21200618,46
I,9,21200619,53
I,9,21200620,25
I,9,21200621,23
I,9,21200622,29
I,9,21200623,15
I,9,21200624,19
I,9,21200625,14
I,9,21200626,8
I,9,21200627,7
I,9,21200628,3
I,9,21200629,9
I,10,21200501,0
I,10,21200502,0
I,10,21200503,0
I,10,21200504,0
I,10,21200505,0
I,10,21200506,0
I,10,21200507,0
I,10,21200508,0
I,10,21200509,0
I,10,21200510,0
I,10,21200511,0
I,10,21200512,0
I,10,21200513,0
I,10,21200514,0
I,10,21200515,0
I,10,21200516,0
I,10,21200517,0
I,10,21200518,0
I,10,21200519,0
I,10,21200520,0
I,10,21200521,0
I,10,21200522,0
I,10,21200523,0
I,10,21200524,0
I,10,21200525,0
I,10,21200526,0
I,10,21200527,0
I,10,21200528,0
I,10,21200529,0
I,10,21200530,0
I,10,21200531,1
I,10,21200601,3
I,10,21200602,8
I,10,21200603,19
I,10,21200604,61
I,10,21200605,38
I,10,21200606,29
I,10,21200607,43
I,10,21200608,36
I,10,21200609,54
I,10,21200610,72
I,10,21200611,55
I,10,21200612,43
I,10,21200613,51
I,10,21200614,76
I,10,21200615,70
I,10,21200616,64
I,10,21200617,64
I,10,21200618,47
I,10,21200619,52
I,10,21200620,13
I,10,21200621,29
I,10,21200622,41
I,10,21200623,16
I,10,21200624,17
I,10,21200625,10
I,10,21200626,4
I,10,21200627,2
I,10,21200628,5
I,10,21200629,2
I,11,21200501,0
I,11,21200502,0
I,11,21200503,0
I,11,21200504,0
I,11,21200505,0
I,11,21200506,0
I,11,21200507,0
I,11,21200508,0
I,11,21200509,0
I,11,21200510,0
I,11,21200511,0
I,11,21200512,0
I,11,21200513,0
I,11,21200514,0
I,11,21200515,0
I,11,21200516,0
I,11,21200517,0
I,11,21200518,0
I,11,21200519,0
I,11,21200520,0
I,11,21200521,0
I,11,21200522,0
I,11,21200523,0
I,11,21200524,0
I,11,21200525,2
I,11,21200526,2
I,11,21200527,3
I,11,21200528,0
I,11,21200529,1
I,11,21200530,8
I,11,21200531,18
I,11,21200601,7
I,11,21200602,19
I,11,21200603,55
I,11,21200604,75
I,11,21200605,60
I,11,21200606,46
I,11,21200607,92
I,11,21200608,72
I,11,21200609,91
I,11,21200610,126
I,11,21200611,75
I,11,21200612,84
I,11,21200613,89
I,11,21200614,106
I,11,21200615,99
I,11,21200616,92
I,11,21200617,73
I,11,21200618,43
I,11,21200619,63
I,11,21200620,51
I,11,21200621,61
I,11,21200622,61
I,11,21200623,37
I,11,21200624,18
I,11,21200625,14
I,11,21200626,12
I,11,21200627,10
I,11,21200628,4
I,11,21200629,5
I,12,21200501,0
I,12,21200502,0
I,12,21200503,0
I,12,21200504,0
I,12,21200505,0
I,12,21200506,0
I,12,21200507,0
I,12,21200508,0
I,12,21200509,0
I,12,21200510,0
I,12,21200511,0
I,12,21200512,0
I,12,21200513,0
I,12,21200514,0
I,12,21200515,0
I,12,21200516,0
I,12,21200517,0
I,12,21200518,0
I,12,21200519,0
I,12,21200520,0
I,12,21200521,0
I,12,21200522,0
I,12,21200523,0
I,12,21200524,3
I,12,21200525,0
I,12,21200526,0
I,12,21200527,0
I,12,21200528,16
I,12,21200529,19
I,12,21200530,5
I,12,21200531,3
I,12,21200601,2
I,12,21200602,4
I,12,21200603,8
I,12,21200604,11
I,12,21200605,5
I,12,21200606,10
I,12,21200607,6
I,12,21200608,20
I,12,21200609,13
I,12,21200610,15
I,12,21200611,13
I,12,21200612,11
I,12,21200613,20
I,12,21200614,31
I,12,21200615,15
I,12,21200616,4
I,12,21200617,14
I,12,21200618,11
I,12,21200619,32
I,12,21200620,7
I,12,21200621,1
I,12,21200622,2
I,12,21200623,12
I,12,21200624,22
I,12,21200625,11
I,12,21200626,0
I,12,21200627,4
I,12,21200628,1
I,12,21200629,2
I,13,21200501,0
I,13,21200502,0
I,13,21200503,0
I,13,21200504,0
I,13,21200505,0
I,13,21200506,0
I,13,21200507,0
I,13,21200508,0
I,13,21200509,0
I,13,21200510,0
I,13,21200511,0
I,13,21200512,0
I,13,21200513,0
I,13,21200514,0
I,13,21200515,0
I,13,21200516,0
I,13,21200517,0
I,13,21200518,0
I,13,21200519,0
I,13,21200520,0
I,13,21200521,0
I,13,21200522,0
I,13,21200523,0
I,13,21200524,0
I,13,21200525,26
I,13,21200526,0
I,13,21200527,0
I,13,21200528,4
I,13,21200529,89
I,13,21200530,52
I,13,21200531,35
I,13,21200601,59
I,13,21200602,99
I,13,21200603,212
I,13,21200604,197
I,13,21200605,55
I,13,21200606,40
I,13,21200607,26
I,13,21200608,44
I,13,21200609,54
I,13,21200610,28
I,13,21200611,13
I,13,21200612,10
I,13,21200613,9
I,13,21200614,16
I,13,21200615,11
I,13,21200616,5
I,13,21200617,3
I,13,21200618,6
I,13,21200619,8
I,13,21200620,2
I,13,21200621,2
I,13,21200622,2
I,13,21200623,0
I,13,21200624,0
I,13,21200625,0
I,13,21200626,0
I,13,21200627,0
I,13,21200628,0
I,13,21200629,0
I,14,21200501,0
I,14,21200502,0
I,14,21200503,0
I,14,21200504,0
I,14,21200505,0
I,14,21200506,0
I,14,21200507,0
I,14,21200508,0
I,14,21200509,0
I,14,21200510,0
I,14,21200511,0
I,14,21200512,0
I,14,21200513,0
I,14,21200514,0
I,14,21200515,0
I,14,21200516,0
I,14,21200517,0
I,14,21200518,0
I,14,21200519,1
I,14,21200520,0
I,14,21200521,0
I,14,21200522,1
I,14,21200523,1
I,14,21200524,4
I,14,21200525,7
I,14,21200526,6
I,14,21200527,5
I,14,21200528,9
I,14,21200529,21
I,14,21200530,16
I,14,21200531,40
I,14,21200601,44
I,14,21200602,54
I,14,21200603,96
I,14,21200604,96
I,14,21200605,31
I,14,21200606,20
I,14,21200607,34
I,14,21200608,46
I,14,21200609,47
I,14,21200610,62
I,14,21200611,37
I,14,21200612,27
I,14,21200613,40
I,14,21200614,48
I,14,21200615,49
I,14,21200616,51
I,14,21200617,27
I,14,21200618,24
I,14,21200619,32
I,14,21200620,10
I,14,21200621,15
I,14,21200622,13
I,14,21200623,9
I,14,21200624,8
I,14,21200625,6
I,14,21200626,5
I,14,21200627,1
I,14,21200628,2
I,14,21200629,2
I,15,21200501,0
I,15,21200502,0
I,15,21200503,0
I,15,21200504,0
I,15,21200505,0
I,15,21200506,0
I,15,21200507,0
I,15,21200508,0
I,15,21200509,0
I,15,21200510,0
I,15,21200511,0
I,15,21200512,0
I,15,21200513,0
I,15,21200514,0
I,15,21200515,0
I,15,21200516,0
I,15,21200517,0
I,15,21200518,0
I,15,21200519,6
I,15,21200520,3
I,15,21200521,0
I,15,21200522,1
I,15,21200523,6
I,15,21200524,10
I,15,21200525,20
I,15,21200526,10
I,15,21200527,17
I,15,21200528,27
I,15,21200529,49
I,15,21200530,32
I,15,21200531,64
I,15,21200601,80
I,15,21200602,81
I,15,21200603,88
I,15,21200604,94
I,15,21200605,28
I,15,21200606,39
I,15,21200607,49
I,15,21200608,50
I,15,21200609,59
I,15,21200610,57
I,15,21200611,24
I,15,21200612,15
I,15,21200613,36
I,15,21200614,35
I,15,21200615,27
I,15,21200616,19
I,15,21200617,17
I,15,21200618,8
I,15,21200619,15
I,15,21200620,7
I,15,21200621,3
I,15,21200622,5
I,15,21200623,4
I,15,21200624,3
I,15,21200625,1
I,15,21200626,0
I,15,21200627,2
I,15,21200628,0
I,15,21200629,0
I,16,21200501,0
I,16,21200502,0
I,16,21200503,0
I,16,21200504,0
I,16,21200505,0
I,16,21200506,0
I,16,21200507,0
I,16,21200508,0
I,16,21200509,0
I,16,21200510,0
I,16,21200511,0
I,16,21200512,0
I,16,21200513,0
I,16,21200514,0
I,16,21200515,0
I,16,21200516,0
I,16,21200517,0
I,16,21200518,0
I,16,21200519,0
I,16,21200520,0
I,16,21200521,0
I,16,21200522,0
I,16,21200523,0
I,16,21200524,0
I,16,21200525,9
I,16,21200526,0
I,16,21200527,3
I,16,21200528,13
I,16,21200529,31
I,16,21200530,63
I,16,21200531,84
I,16,21200601,113
I,16,21200602,224
I,16,21200603,346
I,16,21200604,586
I,16,21200605,200
I,16,21200606,135
I,16,21200607,181
I,16,21200608,300
I,16,21200609,260
I,16,21200610,301
I,16,21200611,161
I,16,21200612,167
I,16,21200613,267
I,16,21200614,269
I,16,21200615,189
I,16,21200616,134
I,16,21200617,160
I,16,21200618,133
I,16,21200619,108
I,16,21200620,40
I,16,21200621,63
I,16,21200622,73
I,16,21200623,61
I,16,21200624,72
I,16,21200625,35
I,16,21200626,11
I,16,21200627,19
I,16,21200628,9
I,16,21200629,6
I,17,21200501,0
I,17,21200502,0
I,17,21200503,0
I,17,21200504,0
I,17,21200505,0
I,17,21200506,0
I,17,21200507,0
I,17,21200508,0
I,17,21200509,0
I,17,21200510,0
I,17,21200511,0
I,17,21200512,0
I,17,21200513,0
I,17,21200514,0
I,17,21200515,0
I,17,21200516,0
I,17,21200517,0
I,17,21200518,0
I,17,21200519,0
I,17,21200520,0
I,17,21200521,0
I,17,21200522,0
I,17,21200523,0
I,17,21200524,0
I,17,21200525,0
I,17,21200526,0
I,17,21200527,2
I,17,21200528,3
I,17,21200529,3
I,17,21200530,5
I,17,21200531,5
I,17,21200601,8
I,17,21200602,43
I,17,21200603,32
I,17,21200604,40
I,17,21200605,24
I,17,21200606,20
I,17,21200607,17
I,17,21200608,32
I,17,21200609,14
I,17,21200610,21
I,17,21200611,26
I,17,21200612,27
I,17,21200613,14
I,17,21200614,19
I,17,21200615,20
I,17,21200616,22
I,17,21200617,27
I,17,21200618,24
I,17,21200619,16
I,17,21200620,3
I,17,21200621,17
I,17,21200622,18
I,17,21200623,10
I,17,21200624,10
I,17,21200625,4
I,17,21200626,1
I,17,21200627,3
I,17,21200628,0
I,17,21200629,0
I,18,21200501,0
I,18,21200502,0
I,18,21200503,0
I,18,21200504,0
I,18,21200505,0
I,18,21200506,0
I,18,21200507,0
I,18,21200508,0
I,18,21200509,0
I,18,21200510,0
I,18,21200511,0
I,18,21200512,0
I,18,21200513,0
I,18,21200514,0
I,18,21200515,0
I,18,21200516,0
I,18,21200517,0
I,18,21200518,0
I,18,21200519,0
I,18,21200520,0
I,18,21200521,0
I,18,21200522,0
I,18,21200523,0
I,18,21200524,0
I,18,21200525,0
I,18,21200526,3
I,18,21200527,11
I,18,21200528,7
I,18,21200529,10
I,18,21200530,4
I,18,21200531,16
I,18,21200601,32
I,18,21200602,33
I,18,21200603,48
I,18,21200604,89
I,18,21200605,39
I,18,21200606,46
I,18,21200607,61
I,18,21200608,101
I,18,21200609,91
I,18,21200610,114
I,18,21200611,41
I,18,21200612,54
I,18,21200613,93
I,18,21200614,93
I,18,21200615,73
I,18,21200616,52
I,18,21200617,71
I,18,21200618,73
I,18,21200619,57
I,18,21200620,5
I,18,21200621,16
I,18,21200622,47
I,18,21200623,29
I,18,21200624,29
I,18,21200625,14
I,18,21200626,2
I,18,21200627,8
I,18,21200628,2
I,18,21200629,2
I,19,21200501,0
I,19,21200502,0
I,19,21200503,0
I,19,21200504,0
I,19,21200505,0
I,19,21200506,0
I,19,21200507,0
I,19,21200508,0
I,19,21200509,0
I,19,21200510,0
I,19,21200511,0
I,19,21200512,0
I,19,21200513,0
I,19,21200514,0
I,19,21200515,0
I,19,21200516,0
I,19,21200517,0
I,19,21200518,0
I,19,21200519,0
I,19,21200520,0
I,19,21200521,0
I,19,21200522,0
I,19,21200523,0
I,19,21200524,0
I,19,21200525,0
I,19,21200526,0
I,19,21200527,0
I,19,21200528,0
I,19,21200529,1
I,19,21200530,2
I,19,21200531,13
I,19,21200601,22
I,19,21200602,31
I,19,21200603,42
I,19,21200604,67
I,19,21200605,36
I,19,21200606,54
I,19,21200607,74
I,19,21200608,82
I,19,21200609,78
I,19,21200610,96
I,19,21200611,103
I,19,21200612,100
I,19,21200613,118
I,19,21200614,111
I,19,21200615,101
I,19,21200616,91
I,19,21200617,82
I,19,21200618,80
I,19,21200619,35
I,19,21200620,38
I,19,21200621,38
I,19,21200622,61
I,19,21200623,39
I,19,21200624,26
I,19,21200625,19
I,19,21200626,12
I,19,21200627,7
I,19,21200628,5
I,19,21200629,3
I,20,21200501,0
I,20,21200502,0
I,20,21200503,0
I,20,21200504,0
I,20,21200505,0
I,20,21200506,0
I,20,21200507,0
I,20,21200508,0
I,20,21200509,0
I,20,21200510,0
I,20,21200511,0
I,20,21200512,0
I,20,21200513,0
I,20,21200514,0
I,20,21200515,0
I,20,21200516,0
I,20,21200517,0
I,20,21200518,0
I,20,21200519,0
I,20,21200520,0
I,20,21200521,0
I,20,21200522,0
I,20,21200523,0
I,20,21200524,0
I,20,21200525,0
I,20,21200526,0
I,20,21200527,1
I,20,21200528,1
I,20,21200529,5
I,20,21200530,6
I,20,21200531,13
I,20,21200601,19
I,20,21200602,32
I,20,21200603,44
I,20,21200604,62
I,20,21200605,41
I,20,21200606,24
I,20,21200607,47
I,20,21200608,63
I,20,21200609,85
I,20,21200610,83
I,20,21200611,36
I,20,21200612,52
I,20,21200613,47
I,20,21200614,71
I,20,21200615,71
I,20,21200616,73
I,20,21200617,40
I,20,21200618,32
I,20,21200619,38
I,20,21200620,17
I,20,21200621,31
I,20,21200622,22
I,20,21200623,11
I,20,21200624,4
I,20,21200625,3
I,20,21200626,3
I,20,21200627,8
I,20,21200628,2
I,20,21200629,1
I,21,21200501,0
I,21,21200502,0
I,21,21200503,0
I,21,21200504,0
I,21,21200505,0
I,21,21200506,0
I,21,21200507,0
I,21,21200508,0
I,21,21200509,0
I,21,21200510,0
I,21,21200511,0
I,21,21200512,0
I,21,21200513,0
I,21,21200514,0
I,21,21200515,0
I,21,21200516,0
I,21,21200517,0
I,21,21200518,0
I,21,21200519,0
I,21,21200520,0
I,21,21200521,0
I,21,21200522,0
I,21,21200523,0
I,21,21200524,0
I,21,21200525,0
I,21,21200526,0
I,21,21200527,0
I,21,21200528,4
I,21,21200529,3
I,21,21200530,2
I,21,21200531,21
I,21,21200601,29
I,21,21200602,42
I,21,21200603,57
I,21,21200604,89
I,21,21200605,27
I,21,21200606,40
I,21,21200607,44
I,21,21200608,49
I,21,21200609,63
I,21,21200610,87
I,21,21200611,57
I,21,21200612,69
I,21,21200613,64
I,21,21200614,76
I,21,21200615,67
I,21,21200616,58
I,21,21200617,72
I,21,21200618,53
I,21,21200619,57
I,21,21200620,20
I,21,21200621,21
I,21,21200622,38
I,21,21200623,22
I,21,21200624,13
I,21,21200625,7
I,21,21200626,1
I,21,21200627,7
I,21,21200628,4
I,21,21200629,3
I,22,21200501,0
I,22,21200502,0
I,22,21200503,0
I,22,21200504,0
I,22,21200505,0
I,22,21200506,0
I,22,21200507,0
I,22,21200508,0
I,22,21200509,0
I,22,21200510,0
I,22,21200511,0
I,22,21200512,0
I,22,21200513,0
I,22,21200514,0
I,22,21200515,0
I,22,21200516,0
I,22,21200517,0
I,22,21200518,0
I,22,21200519,0
I,22,21200520,0
I,22,21200521,0
I,22,21200522,0
I,22,21200523,8
I,22,21200524,7
I,22,21200525,0
I,22,21200526,7
I,22,21200527,39
I,22,21200528,41
I,22,21200529,118
I,22,21200530,38
I,22,21200531,200
I,22,21200601,351
I,22,21200602,493
I,22,21200603,572
I,22,21200604,383
I,22,21200605,75
I,22,21200606,111
I,22,21200607,130
I,22,21200608,164
I,22,21200609,118
I,22,21200610,105
I,22,21200611,61
I,22,21200612,86
I,22,21200613,72
I,22,21200614,65
I,22,21200615,54
I,22,21200616,41
I,22,21200617,31
I,22,21200618,37
I,22,21200619,19
I,22,21200620,16
I,22,21200621,12
I,22,21200622,23
I,22,21200623,11
I,22,21200624,14
I,22,21200625,8
I,22,21200626,1
I,22,21200627,0
I,22,21200628,7
I,22,21200629,4
I,23,21200501,0
I,23,21200502,0
I,23,21200503,0
I,23,21200504,0
I,23,21200505,0
I,23,21200506,0
I,23,21200507,0
I,23,21200508,0
I,23,21200509,0
I,23,21200510,0
I,23,21200511,0
I,23,21200512,0
I,23,21200513,0
I,23,21200514,0
I,23,21200515,0
I,23,21200516,0
I,23,21200517,0
I,23,21200518,0
I,23,21200519,0
I,23,21200520,0
I,23,21200521,0
I,23,21200522,0
I,23,21200523,1
I,23,21200524,3
I,23,21200525,2
I,23,21200526,3
I,23,21200527,7
I,23,21200528,19
I,23,21200529,38
I,23,21200530,18
I,23,21200531,28
I,23,21200601,106
I,23,21200602,204
I,23,21200603,190
I,23,21200604,215
I,23,21200605,78
I,23,21200606,133
I,23,21200607,96
I,23,21200608,126
I,23,21200609,101
I,23,21200610,112
I,23,21200611,88
I,23,21200612,99
I,23,21200613,107
I,23,21200614,109
I,23,21200615,88
I,23,21200616,68
I,23,21200617,80
I,23,21200618,93
I,23,21200619,43
I,23,21200620,33
I,23,21200621,37
I,23,21200622,67
I,23,21200623,58
I,23,21200624,40
I,23,21200625,25
I,23,21200626,11
I,23,21200627,3
I,23,21200628,9
I,23,21200629,4
I,24,21200501,0
I,24,21200502,0
I,24,21200503,0
I,24,21200504,0
I,24,21200505,0
I,24,21200506,0
I,24,21200507,0
I,24,21200508,0
I,24,21200509,0
I,24,21200510,0
I,24,21200511,0
I,24,21200512,0
I,24,21200513,0
I,24,21200514,0
I,24,21200515,0
I,24,21200516,0
I,24,21200517,0
I,24,21200518,0
I,24,21200519,0
I,24,21200520,0
I,24,21200521,0
I,24,21200522,0
I,24,21200523,0
I,24,21200524,0
I,24,21200525,0
I,24,21200526,0
I,24,21200527,0
I,24,21200528,0
I,24,21200529,5
I,24,21200530,1
I,24,21200531,4
I,24,21200601,14
I,24,21200602,32
I,24,21200603,39
I,24,21200604,47
I,24,21200605,17
I,24,21200606,40
I,24,21200607,64
I,24,21200608,52
I,24,21200609,54
I,24,21200610,63
I,24,21200611,27
I,24,21200612,35
I,24,21200613,66
I,24,21200614,57
I,24,21200615,52
I,24,21200616,45
I,24,21200617,37
I,24,21200618,39
I,24,21200619,65
I,24,21200620,30
I,24,21200621,15
I,24,21200622,23
I,24,21200623,26
I,24,21200624,28
I,24,21200625,20
I,24,21200626,15
I,24,21200627,6
I,24,21200628,5
I,24,21200629,1
I,25,21200501,0
I,25,21200502,0
I,25,21200503,0
I,25,21200504,0
I,25,21200505,0
I,25,21200506,0
I,25,21200507,0
I,25,21200508,0
I,25,21200509,0
I,25,21200510,0
I,25,21200511,0
I,25,21200512,0
I,25,21200513,0
I,25,21200514,0
I,25,21200515,0
I,25,21200516,0
I,25,21200517,0
I,25,21200518,0
I,25,21200519,0
I,25,21200520,0
I,25,21200521,0
I,25,21200522,0
I,25,21200523,11
I,25,21200524,1
I,25,21200525,0
I,25,21200526,17
I,25,21200527,25
I,25,21200528,55
I,25,21200529,68
I,25,21200530,103
I,25,21200531,127
I,25,21200601,184
I,25,21200602,342
I,25,21200603,437
I,25,21200604,479
I,25,21200605,121
I,25,21200606,169
I,25,21200607,154
I,25,21200608,175
I,25,21200609,184
I,25,21200610,133
I,25,21200611,124
I,25,21200612,120
I,25,21200613,161
I,25,21200614,159
I,25,21200615,124
I,25,21200616,92
I,25,21200617,107
I,25,21200618,80
I,25,21200619,50
I,25,21200620,35
I,25,21200621,34
I,25,21200622,39
I,25,21200623,32
I,25,21200624,20
I,25,21200625,17
I,25,21200626,16
I,25,21200627,9
I,25,21200628,6
I,25,21200629,1
I,26,21200501,0
I,26,21200502,0
I,26,21200503,0
I,26,21200504,0
I,26,21200505,0
I,26,21200506,0
I,26,21200507,0
I,26,21200508,0
I,26,21200509,0
I,26,21200510,0
I,26,21200511,0
I,26,21200512,0
I,26,21200513,0
I,26,21200514,0
I,26,21200515,0
I,26,21200516,0
I,26,21200517,0
I,26,21200518,0
I,26,21200519,0
I,26,21200520,0
I,26,21200521,0
I,26,21200522,0
I,26,21200523,0
I,26,21200524,17
I,26,21200525,0
I,26,21200526,0
I,26,21200527,11
I,26,21200528,9
I,26,21200529,45
I,26,21200530,19
I,26,21200531,13
I,26,21200601,77
I,26,21200602,178
I,26,21200603,347
I,26,21200604,443
I,26,21200605,199
I,26,21200606,366
I,26,21200607,595
I,26,21200608,800
I,26,21200609,1012
I,26,21200610,1067
I,26,21200611,1202
I,26,21200612,1312
I,26,21200613,1637
I,26,21200614,1934
I,26,21200615,2078
I,26,21200616,2294
I,26,21200617,1825
I,26,21200618,1679
I,26,21200619,1589
I,26,21200620,987
I,26,21200621,1284
I,26,21200622,1389
I,26,21200623,1168
I,26,21200624,851
I,26,21200625,659
I,26,21200626,496
I,26,21200627,313
I,26,21200628,294
I,26,21200629,209
I,27,21200501,0
I,27,21200502,0
I,27,21200503,0
I,27,21200504,0
I,27,21200505,0
I,27,21200506,0
I,27,21200507,0
I,27,21200508,0
I,27,21200509,0
I,27,21200510,0
I,27,21200511,0
I,27,21200512,0
I,27,21200513,0
I,27,21200514,0
I,27,21200515,0
I,27,21200516,0
I,27,21200517,0
I,27,21200518,0
I,27,21200519,0
I,27,21200520,0
I,27,21200521,0
I,27,21200522,0
I,27,21200523,0
I,27,21200524,0
I,27,21200525,0
I,27,21200526,3
I,27,21200527,3
I,27,21200528,8
I,27,21200529,12
I,27,21200530,21
I,27,21200531,33
I,27,21200601,35
I,27,21200602,113
I,27,21200603,147
I,27,21200604,257
I,27,21200605,104
I,27,21200606,134
I,27,21200607,171
I,27,21200608,211
I,27,21200609,256
I,27,21200610,260
I,27,21200611,179
I,27,21200612,198
I,27,21200613,284
I,27,21200614,294
I,27,21200615,268
I,27,21200616,242
I,27,21200617,205
I,27,21200618,204
I,27,21200619,164
I,27,21200620,110
I,27,21200621,98
I,27,21200622,116
I,27,21200623,106
I,27,21200624,81
I,27,21200625,45
I,27,21200626,16
I,27,21200627,20
I,27,21200628,8
I,27,21200629,11
I,28,21200501,0
I,28,21200502,0
I,28,21200503,0
I,28,21200504,0
I,28,21200505,0
I,28,21200506,0
I,28,21200507,0
I,28,21200508,0
I,28,21200509,0
I,28,21200510,0
I,28,21200511,0
I,28,21200512,0
I,28,21200513,0
I,28,21200514,0
I,28,21200515,0
I,28,21200516,0
I,28,21200517,0
I,28,21200518,0
I,28,21200519,0
I,28,21200520,0
I,28,21200521,0
I,28,21200522,0
I,28,21200523,0
I,28,21200524,0
I,28,21200525,0
I,28,21200526,1
I,28,21200527,0
I,28,21200528,7
I,28,21200529,6
I,28,21200530,26
I,28,21200531,39
I,28,21200601,30
I,28,21200602,64
I,28,21200603,99
I,28,21200604,135
I,28,21200605,92
I,28,21200606,82
I,28,21200607,99
I,28,21200608,146
I,28,21200609,147
I,28,21200610,177
I,28,21200611,129
I,28,21200612,128
I,28,21200613,111
I,28,21200614,206
I,28,21200615,183
I,28,21200616,153
I,28,21200617,166
I,28,21200618,113
I,28,21200619,88
I,28,21200620,54
I,28,21200621,68
I,28,21200622,77
I,28,21200623,57
I,28,21200624,33
I,28,21200625,18
I,28,21200626,8
I,28,21200627,9
I,28,21200628,5
I,28,21200629,2
I,29,21200501,0
I,29,21200502,0
I,29,21200503,0
I,29,21200504,0
I,29,21200505,0
I,29,21200506,0
I,29,21200507,0
I,29,21200508,0
I,29,21200509,0
I,29,21200510,0
I,29,21200511,0
I,29,21200512,0
I,29,21200513,0
I,29,21200514,0
I,29,21200515,0
I,29,21200516,0
I,29,21200517,0
I,29,21200518,0
I,29,21200519,0
I,29,21200520,0
I,29,21200521,0
I,29,21200522,0
I,29,21200523,0
I,29,21200524,0
I,29,21200525,0
I,29,21200526,3
I,29,21200527,2
I,29,21200528,5
I,29,21200529,18
I,29,21200530,13
I,29,21200531,24
I,29,21200601,47
I,29,21200602,61
I,29,21200603,139
I,29,21200604,137
I,29,21200605,54
I,29,21200606,108
I,29,21200607,167
I,29,21200608,159
I,29,21200609,204
I,29,21200610,200
I,29,21200611,146
I,29,21200612,120
I,29,21200613,134
I,29,21200614,195
I,29,21200615,181
I,29,21200616,162
I,29,21200617,144
I,29,21200618,100
I,29,21200619,98
I,29,21200620,45
I,29,21200621,52
I,29,21200622,46
I,29,21200623,47
I,29,21200624,45
I,29,21200625,25
I,29,21200626,13
I,29,21200627,12
I,29,21200628,7
I,29,21200629,5
I,30,21200501,0
I,30,21200502,0
I,30,21200503,0
I,30,21200504,0
I,30,21200505,0
I,30,21200506,0
I,30,21200507,0
I,30,21200508,0
I,30,21200509,0
I,30,21200510,0
I,30,21200511,0
I,30,21200512,0
I,30,21200513,0
I,30,21200514,0
I,30,21200515,0
I,30,21200516,0
I,30,21200517,0
I,30,21200518,0
I,30,21200519,0
I,30,21200520,0
I,30,21200521,0
I,30,21200522,0
I,30,21200523,0
I,30,21200524,1
I,30,21200525,0
I,30,21200526,2
I,30,21200527,10
I,30,21200528,12
I,30,21200529,27
I,30,21200530,51
I,30,21200531,84
I,30,21200601,170
I,30,21200602,232
I,30,21200603,331
I,30,21200604,458
I,30,21200605,131
I,30,21200606,185
I,30,21200607,214
I,30,21200608,359
I,30,21200609,327
I,30,21200610,356
I,30,21200611,244
I,30,21200612,324
I,30,21200613,316
I,30,21200614,301
I,30,21200615,257
I,30,21200616,191
I,30,21200617,196
I,30,21200618,191
I,30,21200619,143
I,30,21200620,56
I,30,21200621,58
I,30,21200622,84
I,30,21200623,88
I,30,21200624,54
I,30,21200625,36
I,30,21200626,12
I,30,21200627,13
I,30,21200628,8
I,30,21200629,2
I,31,21200501,0
I,31,21200502,0
I,31,21200503,0
I,31,21200504,0
I,31,21200505,0
I,31,21200506,0
I,31,21200507,0
I,31,21200508,0
I,31,21200509,0
I,31,21200510,0
I,31,21200511,0
I,31,21200512,0
I,31,21200513,0
I,31,21200514,0
I,31,21200515,0
I,31,21200516,0
I,31,21200517,0
I,31,21200518,0
I,31,21200519,0
I,31,21200520,0
I,31,21200521,0
I,31,21200522,0
I,31,21200523,0
I,31,21200524,0
I,31,21200525,1
I,31,21200526,0
I,31,21200527,3
I,31,21200528,4
I,31,21200529,2
I,31,21200530,2
I,31,21200531,12
I,31,21200601,8
I,31,21200602,23
I,31,21200603,22
I,31,21200604,46
I,31,21200605,28
I,31,21200606,24
I,31,21200607,42
I,31,21200608,69
I,31,21200609,67
I,31,21200610,82
I,31,21200611,38
I,31,21200612,50
I,31,21200613,53
I,31,21200614,68
I,31,21200615,52
I,31,21200616,40
I,31,21200617,31
I,31,21200618,41
I,31,21200619,34
I,31,21200620,22
I,31,21200621,12
I,31,21200622,13
I,31,21200623,20
I,31,21200624,23
I,31,21200625,13
I,31,21200626,7
I,31,21200627,3
I,31,21200628,6
I,31,21200629,4
I,32,21200501,0
I,32,21200502,0
I,32,21200503,0
I,32,21200504,0
I,32,21200505,0
I,32,21200506,0
I,32,21200507,0
I,32,21200508,0
I,32,21200509,0
I,32,21200510,0
I,32,21200511,0
I,32,21200512,0
I,32,21200513,0
I,32,21200514,0
I,32,21200515,0
I,32,21200516,0
I,32,21200517,0
I,32,21200518,0
I,32,21200519,0
I,32,21200520,0
I,32,21200521,0
I,32,21200522,0
I,32,21200523,0
I,32,21200524,0
I,32,21200525,0
I,32,21200526,0
I,32,21200527,0
I,32,21200528,0
I,32,21200529,0
I,32,21200530,0
I,32,21200531,0
I,32,21200601,0
I,32,21200602,0
I,32,21200603,3
I,32,21200604,1
I,32,21200605,0
I,32,21200606,5
I,32,21200607,0
I,32,21200608,7
I,32,21200609,20
I,32,21200610,22
I,32,21200611,10
I,32,21200612,5
I,32,21200613,11
I,32,21200614,19
I,32,21200615,19
I,32,21200616,19
I,32,21200617,18
I,32,21200618,17
I,32,21200619,19
I,32,21200620,5
I,32,21200621,11
I,32,21200622,16
I,32,21200623,8
I,32,21200624,9
I,32,21200625,4
I,32,21200626,1
I,32,21200627,4
I,32,21200628,3
I,32,21200629,0
